[2026-07-20 10:15:10] INFO [data_loader:54] Loading patient records from d:\finalresearchproject\data\raw\selected_set1_patient_records.csv...
[2026-07-20 10:15:10] INFO [data_loader:59] Loaded 247 records with columns: ['case_id', 'file_path', 'phenopacket_id', 'patient_id', 'sex', 'age', 'disease_id', 'disease_name', 'hpo_count', 'hpo_ids', 'symptom_names', 'excluded_hpo_ids', 'excluded_symptom_names', 'age_of_onset', 'pmid', 'source_metadata']
[2026-07-20 10:15:10] INFO [data_loader:70] Loading train/val/test manifests...
[2026-07-20 10:15:10] INFO [data_loader:79] Loaded manifests - Train: 173, Val: 37, Test: 37
[2026-07-20 10:15:10] INFO [preprocess:17] Cleaning patient records...
[2026-07-20 10:15:10] INFO [preprocess:97] Cleaned split sizes - Train: 173, Val: 37, Test: 37
[2026-07-20 10:15:10] INFO [preprocess:102] Saved cleaned cohort patient records to d:\finalresearchproject\data\processed\cleaned_patient_records.csv
[2026-07-20 10:15:10] INFO [preprocess:66] Fitting HPO feature vocabulary on train split...
[2026-07-20 10:15:10] INFO [preprocess:75] Generated HPO vocabulary of size 206
[2026-07-20 10:15:10] INFO [preprocess:115] Saved vocabulary dictionary to d:\finalresearchproject\data\processed\metadata\hpo_feature_vocabulary.json (Checksum: b79f91a1cd199286428087c1914ae7312f397df8bd648bc01c4a55ea297af9b5)
[2026-07-20 10:15:10] INFO [preprocess:255] Preprocessing pipeline completed successfully. Config metadata saved to d:\finalresearchproject\data\processed\metadata\preprocessing_configuration.json
[2026-07-20 10:16:57] INFO [train_rf:32] Starting Random Forest training pipeline for hpo_plus_sex...
[2026-07-20 10:16:57] INFO [train_rf:16] Loading data from d:\finalresearchproject\data\processed\model_ready\hpo_plus_sex
[2026-07-20 10:16:57] INFO [random_forest:27] Instantiating Random Forest model with params: {'n_estimators': 100, 'max_depth': 10, 'random_state': 42, 'class_weight': 'balanced'}
[2026-07-20 10:16:57] INFO [random_forest:31] Fitting base Random Forest model...
[2026-07-20 10:16:57] INFO [random_forest:37] Calibrating Random Forest probabilities using validation set...
[2026-07-20 10:17:08] INFO [train_rf:32] Starting Random Forest training pipeline for hpo_plus_sex...
[2026-07-20 10:17:08] INFO [train_rf:16] Loading data from d:\finalresearchproject\data\processed\model_ready\hpo_plus_sex
[2026-07-20 10:17:08] INFO [random_forest:27] Instantiating Random Forest model with params: {'n_estimators': 100, 'max_depth': 10, 'random_state': 42, 'class_weight': 'balanced'}
[2026-07-20 10:17:08] INFO [random_forest:31] Fitting base Random Forest model...
[2026-07-20 10:17:08] INFO [random_forest:35] Fitting calibrated Random Forest classifier (using 5-fold cross-validation calibration)...
[2026-07-20 10:17:09] INFO [random_forest:43] Random Forest fitting and calibration completed.
[2026-07-20 10:17:09] INFO [train_rf:44] Evaluating Random Forest on Test set...
[2026-07-20 10:17:09] INFO [train_rf:56] Random Forest Test Accuracy: 1.0000
[2026-07-20 10:17:09] INFO [train_rf:57] Random Forest Test F1 Macro: 1.0000
[2026-07-20 10:17:09] INFO [random_forest:59] Saving Random Forest model to d:\finalresearchproject\models\rf_model.joblib...
[2026-07-20 10:17:09] INFO [random_forest:67] Model saved successfully.
[2026-07-20 10:17:09] INFO [train_rf:69] Saved Random Forest metrics to d:\finalresearchproject\reports\rf_metrics.json
[2026-07-20 10:17:47] INFO [train_tabnet:30] Starting TabNet training pipeline for hpo_plus_sex...
[2026-07-20 10:17:47] INFO [train_tabnet:15] Loading data from d:\finalresearchproject\data\processed\model_ready\hpo_plus_sex
[2026-07-20 10:17:47] INFO [tabnet:212] Instantiating TabNet core model on device: cpu
[2026-07-20 10:17:49] INFO [tabnet:244] Starting TabNet training epochs...
[2026-07-20 10:17:51] INFO [tabnet:280] Epoch 25/150 | Loss: 0.0495 | Val Loss: 1.0192 - Val Acc: 0.4865
[2026-07-20 10:17:53] INFO [tabnet:280] Epoch 50/150 | Loss: 0.0089 | Val Loss: 1.0127 - Val Acc: 0.3243
[2026-07-20 10:17:55] INFO [tabnet:280] Epoch 75/150 | Loss: 0.0022 | Val Loss: 1.0283 - Val Acc: 0.7568
[2026-07-20 10:17:57] INFO [tabnet:280] Epoch 100/150 | Loss: 0.0278 | Val Loss: 1.3287 - Val Acc: 0.2432
[2026-07-20 10:17:59] INFO [tabnet:280] Epoch 125/150 | Loss: 0.0017 | Val Loss: 1.1390 - Val Acc: 0.2432
[2026-07-20 10:18:01] INFO [tabnet:280] Epoch 150/150 | Loss: 0.0155 | Val Loss: 0.8906 - Val Acc: 0.4865
[2026-07-20 10:18:01] INFO [tabnet:282] TabNet training completed.
[2026-07-20 10:18:01] INFO [train_tabnet:42] Evaluating TabNet on Test set...
[2026-07-20 10:18:01] INFO [train_tabnet:54] TabNet Test Accuracy: 0.4865
[2026-07-20 10:18:01] INFO [train_tabnet:55] TabNet Test F1 Macro: 0.2694
[2026-07-20 10:18:01] INFO [tabnet:332] Saving TabNet model weights to d:\finalresearchproject\models\tabnet_model.pt...
[2026-07-20 10:18:01] INFO [tabnet:340] Model weights saved successfully.
[2026-07-20 10:18:01] INFO [train_tabnet:67] Saved TabNet metrics to d:\finalresearchproject\reports\tabnet_metrics.json
[2026-07-20 10:18:49] INFO [evaluate:18] Starting model evaluation and comparative analysis...
[2026-07-20 10:18:49] INFO [random_forest:73] Loading Random Forest model from d:\finalresearchproject\models\rf_model.joblib...
[2026-07-20 10:18:49] INFO [random_forest:80] Model loaded successfully.
[2026-07-20 10:18:49] INFO [tabnet:346] Loading TabNet model weights from d:\finalresearchproject\models\tabnet_model.pt...
[2026-07-20 10:18:49] INFO [tabnet:367] TabNet model weights loaded successfully.
[2026-07-20 10:18:49] INFO [evaluate:83] Successfully generated comparison report at d:\finalresearchproject\reports\model_comparison.json
[2026-07-20 10:18:49] INFO [evaluate:84] Winner model: Random Forest
[2026-07-20 10:19:37] INFO [random_forest:73] Loading Random Forest model from d:\finalresearchproject\models\rf_model.joblib...
[2026-07-20 10:19:37] INFO [random_forest:80] Model loaded successfully.
[2026-07-20 10:19:37] INFO [tabnet:346] Loading TabNet model weights from d:\finalresearchproject\models\tabnet_model.pt...
[2026-07-20 10:19:37] INFO [tabnet:367] TabNet model weights loaded successfully.
[2026-07-20 10:19:37] INFO [shap_explainer:23] Initializing SHAP TreeExplainer for Random Forest...
[2026-07-20 10:19:37] INFO [shap_explainer:27] Random Forest TreeExplainer initialized successfully.
[2026-07-20 10:19:37] INFO [shap_explainer:97] Extracting local attention from TabNet...
[2026-07-20 14:13:11] INFO [download_data:9] Downloading https://github.com/obophenotype/human-phenotype-ontology/releases/latest/download/phenotype.hpoa to d:\finalresearchproject\data\raw\phenotype.hpoa...
[2026-07-20 14:13:17] INFO [download_data:19] Successfully downloaded phenotype.hpoa
[2026-07-20 14:13:17] INFO [download_data:9] Downloading https://github.com/obophenotype/human-phenotype-ontology/releases/latest/download/hp.obo to d:\finalresearchproject\data\raw\hp.obo...
[2026-07-20 14:13:19] INFO [download_data:19] Successfully downloaded hp.obo
[2026-07-20 14:13:32] INFO [analyze_data:11] Loading phenotype.hpoa from d:\finalresearchproject\data\raw\phenotype.hpoa...
[2026-07-20 14:15:04] INFO [generate_cohort:88] Built profile for OMIM:616364 with 138 clinical symptom links.
[2026-07-20 14:15:04] INFO [generate_cohort:88] Built profile for OMIM:615829 with 204 clinical symptom links.
[2026-07-20 14:15:04] INFO [generate_cohort:88] Built profile for OMIM:122470 with 129 clinical symptom links.
[2026-07-20 14:15:04] INFO [data_loader:17] Parsing HPO ontology from d:\finalresearchproject\data\raw\hp.obo...
[2026-07-20 14:15:04] INFO [data_loader:43] Loaded 20413 HPO term definitions from ontology.
[2026-07-20 14:15:04] INFO [generate_cohort:114] Generating 200 patient cases per disease cohort...
[2026-07-20 14:15:05] INFO [generate_cohort:162] Saved 600 synthetic patient profiles to d:\finalresearchproject\data\raw\selected_set1_patient_records.csv
[2026-07-20 14:15:05] INFO [generate_cohort:192] Split sizes created - Train: 420, Val: 90, Test: 90
[2026-07-20 14:15:08] INFO [data_loader:54] Loading patient records from d:\finalresearchproject\data\raw\selected_set1_patient_records.csv...
[2026-07-20 14:15:08] INFO [data_loader:59] Loaded 600 records with columns: ['case_id', 'file_path', 'phenopacket_id', 'patient_id', 'sex', 'age', 'disease_id', 'disease_name', 'hpo_count', 'hpo_ids', 'symptom_names', 'excluded_hpo_ids', 'excluded_symptom_names', 'age_of_onset', 'pmid', 'source_metadata']
[2026-07-20 14:15:08] INFO [data_loader:70] Loading train/val/test manifests...
[2026-07-20 14:15:08] INFO [data_loader:79] Loaded manifests - Train: 420, Val: 90, Test: 90
[2026-07-20 14:15:08] INFO [preprocess:17] Cleaning patient records...
[2026-07-20 14:15:08] INFO [preprocess:97] Cleaned split sizes - Train: 420, Val: 90, Test: 90
[2026-07-20 14:15:08] INFO [preprocess:102] Saved cleaned cohort patient records to d:\finalresearchproject\data\processed\cleaned_patient_records.csv
[2026-07-20 14:15:08] INFO [preprocess:66] Fitting HPO feature vocabulary on train split...
[2026-07-20 14:15:08] INFO [preprocess:75] Generated HPO vocabulary of size 328
[2026-07-20 14:15:08] INFO [preprocess:115] Saved vocabulary dictionary to d:\finalresearchproject\data\processed\metadata\hpo_feature_vocabulary.json (Checksum: d3fdd7b9675e4f112bc50ad3afb4b89a2fde3c88a434bdc4c60cd6f26333604a)
[2026-07-20 14:15:08] INFO [preprocess:255] Preprocessing pipeline completed successfully. Config metadata saved to d:\finalresearchproject\data\processed\metadata\preprocessing_configuration.json
[2026-07-20 14:24:10] INFO [train_rf:32] Starting Random Forest training pipeline for hpo_plus_sex...
[2026-07-20 14:24:10] INFO [train_rf:16] Loading data from d:\finalresearchproject\data\processed\model_ready\hpo_plus_sex
[2026-07-20 14:24:11] INFO [random_forest:27] Instantiating Random Forest model with params: {'n_estimators': 100, 'max_depth': 10, 'random_state': 42, 'class_weight': 'balanced'}
[2026-07-20 14:24:11] INFO [random_forest:31] Fitting base Random Forest model...
[2026-07-20 14:24:11] INFO [random_forest:35] Fitting calibrated Random Forest classifier (using 5-fold cross-validation calibration)...
[2026-07-20 14:24:11] INFO [random_forest:43] Random Forest fitting and calibration completed.
[2026-07-20 14:24:11] INFO [train_rf:44] Evaluating Random Forest on Test set...
[2026-07-20 14:24:11] INFO [train_rf:56] Random Forest Test Accuracy: 1.0000
[2026-07-20 14:24:11] INFO [train_rf:57] Random Forest Test F1 Macro: 1.0000
[2026-07-20 14:24:11] INFO [random_forest:59] Saving Random Forest model to d:\finalresearchproject\models\rf_model.joblib...
[2026-07-20 14:24:12] INFO [random_forest:67] Model saved successfully.
[2026-07-20 14:24:12] INFO [train_rf:69] Saved Random Forest metrics to d:\finalresearchproject\reports\rf_metrics.json
[2026-07-20 14:24:19] INFO [train_tabnet:30] Starting TabNet training pipeline for hpo_plus_sex...
[2026-07-20 14:24:19] INFO [train_tabnet:15] Loading data from d:\finalresearchproject\data\processed\model_ready\hpo_plus_sex
[2026-07-20 14:24:19] INFO [tabnet:212] Instantiating TabNet core model on device: cpu
[2026-07-20 14:24:20] INFO [tabnet:244] Starting TabNet training epochs...
[2026-07-20 14:24:26] INFO [tabnet:280] Epoch 25/150 | Loss: 0.0225 | Val Loss: 1.1607 - Val Acc: 0.3333
[2026-07-20 14:24:31] INFO [tabnet:280] Epoch 50/150 | Loss: 0.0031 | Val Loss: 1.1825 - Val Acc: 0.3333
[2026-07-20 14:24:37] INFO [tabnet:280] Epoch 75/150 | Loss: 0.0037 | Val Loss: 1.0962 - Val Acc: 0.3333
[2026-07-20 15:57:36] INFO [tabnet:280] Epoch 100/150 | Loss: 0.0030 | Val Loss: 1.0483 - Val Acc: 0.3333
[2026-07-20 15:57:43] INFO [tabnet:280] Epoch 125/150 | Loss: 0.0029 | Val Loss: 1.0685 - Val Acc: 0.3333
[2026-07-20 15:57:49] INFO [tabnet:280] Epoch 150/150 | Loss: 0.0093 | Val Loss: 1.3834 - Val Acc: 0.3333
[2026-07-20 15:57:49] INFO [tabnet:282] TabNet training completed.
[2026-07-20 15:57:49] INFO [train_tabnet:42] Evaluating TabNet on Test set...
[2026-07-20 15:57:49] INFO [train_tabnet:54] TabNet Test Accuracy: 0.3333
[2026-07-20 15:57:49] INFO [train_tabnet:55] TabNet Test F1 Macro: 0.1667
[2026-07-20 15:57:49] INFO [tabnet:332] Saving TabNet model weights to d:\finalresearchproject\models\tabnet_model.pt...
[2026-07-20 15:57:49] INFO [tabnet:340] Model weights saved successfully.
[2026-07-20 15:57:49] INFO [train_tabnet:67] Saved TabNet metrics to d:\finalresearchproject\reports\tabnet_metrics.json
[2026-07-20 15:57:59] INFO [evaluate:18] Starting model evaluation and comparative analysis...
[2026-07-20 15:57:59] INFO [random_forest:73] Loading Random Forest model from d:\finalresearchproject\models\rf_model.joblib...
[2026-07-20 15:58:00] INFO [random_forest:80] Model loaded successfully.
[2026-07-20 15:58:00] INFO [tabnet:346] Loading TabNet model weights from d:\finalresearchproject\models\tabnet_model.pt...
[2026-07-20 15:58:00] INFO [tabnet:367] TabNet model weights loaded successfully.
[2026-07-20 15:58:00] INFO [evaluate:83] Successfully generated comparison report at d:\finalresearchproject\reports\model_comparison.json
[2026-07-20 15:58:00] INFO [evaluate:84] Winner model: Random Forest
[2026-07-20 15:58:10] INFO [random_forest:73] Loading Random Forest model from d:\finalresearchproject\models\rf_model.joblib...
[2026-07-20 15:58:10] INFO [random_forest:80] Model loaded successfully.
[2026-07-20 15:58:10] INFO [tabnet:346] Loading TabNet model weights from d:\finalresearchproject\models\tabnet_model.pt...
[2026-07-20 15:58:10] INFO [tabnet:367] TabNet model weights loaded successfully.
[2026-07-20 15:58:10] INFO [shap_explainer:23] Initializing SHAP TreeExplainer for Random Forest...
[2026-07-20 15:58:10] INFO [shap_explainer:27] Random Forest TreeExplainer initialized successfully.
[2026-07-20 15:58:11] INFO [shap_explainer:97] Extracting local attention from TabNet...
[2026-07-20 16:02:07] INFO [verify_scientific:23] Running train-val-test data leakage verification...
[2026-07-20 16:02:07] INFO [verify_scientific:34] Unique profile counts - Train: 420, Val: 90, Test: 90
[2026-07-20 16:02:07] INFO [verify_scientific:35] Symptom profile overlaps - Train-Val: 0, Train-Test: 0, Val-Test: 0
[2026-07-20 16:02:07] INFO [verify_scientific:57] Running 5-fold Stratified Cross-Validation on Random Forest...
[2026-07-20 16:02:23] INFO [verify_scientific:23] Running train-val-test data leakage verification...
[2026-07-20 16:02:23] INFO [verify_scientific:34] Unique profile counts - Train: 420, Val: 90, Test: 90
[2026-07-20 16:02:23] INFO [verify_scientific:35] Symptom profile overlaps - Train-Val: 0, Train-Test: 0, Val-Test: 0
[2026-07-20 16:02:24] INFO [verify_scientific:57] Running 5-fold Stratified Cross-Validation on Random Forest...
[2026-07-20 16:02:25] INFO [verify_scientific:95] Optimizing and retraining TabNet...
[2026-07-20 16:02:58] INFO [verify_scientific:176] Early stopping triggered at epoch 44
[2026-07-20 16:03:11] INFO [verify_scientific:23] Running train-val-test data leakage verification...
[2026-07-20 16:03:11] INFO [verify_scientific:34] Unique profile counts - Train: 420, Val: 90, Test: 90
[2026-07-20 16:03:11] INFO [verify_scientific:35] Symptom profile overlaps - Train-Val: 0, Train-Test: 0, Val-Test: 0
[2026-07-20 16:03:11] INFO [verify_scientific:57] Running 5-fold Stratified Cross-Validation on Random Forest...
[2026-07-20 16:03:13] INFO [verify_scientific:95] Optimizing and retraining TabNet...
[2026-07-20 16:03:45] INFO [verify_scientific:176] Early stopping triggered at epoch 50
[2026-07-20 16:03:45] INFO [random_forest:73] Loading Random Forest model from d:\finalresearchproject\models\rf_model.joblib...
[2026-07-20 16:03:45] INFO [random_forest:80] Model loaded successfully.
[2026-07-20 16:03:45] INFO [shap_explainer:23] Initializing SHAP TreeExplainer for Random Forest...
[2026-07-20 16:03:45] INFO [shap_explainer:27] Random Forest TreeExplainer initialized successfully.
[2026-07-20 16:03:45] INFO [shap_explainer:72] Computing global SHAP values for Random Forest...
[2026-07-20 16:03:46] INFO [verify_scientific:265] Scientific verification run complete. Saved metadata to d:\finalresearchproject\reports\scientific_validation_results.json
[2026-07-20 16:04:06] INFO [data_loader:17] Parsing HPO ontology from d:\finalresearchproject\data\raw\hp.obo...
[2026-07-20 16:04:06] INFO [data_loader:43] Loaded 20413 HPO term definitions from ontology.
[2026-07-20 16:05:52] INFO [benchmark_baselines:48] Benchmarking Logistic Regression...
[2026-07-20 16:05:52] INFO [benchmark_baselines:76] Logistic Regression | Test Acc: 1.0000 | F1: 1.0000 | Fit: 0.02674s
[2026-07-20 16:05:52] INFO [benchmark_baselines:48] Benchmarking SVM...
[2026-07-20 16:05:52] INFO [benchmark_baselines:76] SVM | Test Acc: 1.0000 | F1: 1.0000 | Fit: 0.05827s
[2026-07-20 16:05:52] INFO [benchmark_baselines:48] Benchmarking Decision Tree...
[2026-07-20 16:05:52] INFO [benchmark_baselines:76] Decision Tree | Test Acc: 1.0000 | F1: 1.0000 | Fit: 0.00391s
[2026-07-20 16:05:52] INFO [benchmark_baselines:48] Benchmarking KNN...
[2026-07-20 16:05:52] INFO [benchmark_baselines:76] KNN | Test Acc: 1.0000 | F1: 1.0000 | Fit: 0.00230s
[2026-07-20 16:05:52] INFO [benchmark_baselines:48] Benchmarking Naive Bayes...
[2026-07-20 16:05:52] INFO [benchmark_baselines:76] Naive Bayes | Test Acc: 1.0000 | F1: 1.0000 | Fit: 0.00570s
[2026-07-20 16:05:52] INFO [benchmark_baselines:48] Benchmarking XGBoost...
[2026-07-20 16:05:52] INFO [benchmark_baselines:76] XGBoost | Test Acc: 1.0000 | F1: 1.0000 | Fit: 0.19159s
[2026-07-20 16:05:52] INFO [benchmark_baselines:83] Baseline benchmarking completed. Saved to d:\finalresearchproject\reports\baseline_benchmarks.json
[2026-07-20 16:09:47] INFO [random_forest:73] Loading Random Forest model from d:\finalresearchproject\models\rf_model.joblib...
[2026-07-20 16:09:47] INFO [random_forest:80] Model loaded successfully.
[2026-07-20 16:15:42] INFO [data_loader:17] Parsing HPO ontology from d:\finalresearchproject\data\raw\hp.obo...
[2026-07-20 16:15:42] INFO [data_loader:43] Loaded 20413 HPO term definitions from ontology.
[2026-07-20 16:15:42] INFO [random_forest:73] Loading Random Forest model from d:\finalresearchproject\models\rf_model.joblib...
[2026-07-20 16:15:42] INFO [random_forest:80] Model loaded successfully.
[2026-07-20 16:15:42] INFO [tabnet:346] Loading TabNet model weights from d:\finalresearchproject\models\tabnet_model.pt...
[2026-07-20 16:15:43] INFO [tabnet:367] TabNet model weights loaded successfully.
[2026-07-20 16:20:51] INFO [random_forest:73] Loading Random Forest model from d:\finalresearchproject\models\rf_model.joblib...
[2026-07-20 16:20:51] INFO [random_forest:80] Model loaded successfully.
[2026-07-20 16:20:51] INFO [tabnet:346] Loading TabNet model weights from d:\finalresearchproject\models\tabnet_model.pt...
[2026-07-20 16:20:51] INFO [tabnet:367] TabNet model weights loaded successfully.
[2026-07-20 16:20:51] INFO [shap_explainer:23] Initializing SHAP TreeExplainer for Random Forest...
[2026-07-20 16:20:51] INFO [shap_explainer:27] Random Forest TreeExplainer initialized successfully.
[2026-07-20 16:20:51] INFO [data_loader:17] Parsing HPO ontology from d:\finalresearchproject\data\raw\hp.obo...
[2026-07-20 16:20:51] INFO [data_loader:43] Loaded 20413 HPO term definitions from ontology.
[2026-07-20 16:20:51] INFO [shap_explainer:97] Extracting local attention from TabNet...
[2026-07-20 16:20:51] INFO [shap_explainer:72] Computing global SHAP values for Random Forest...
[2026-07-20 16:22:49] INFO [data_loader:17] Parsing HPO ontology from d:\finalresearchproject\data\raw\hp.obo...
[2026-07-20 16:22:49] INFO [data_loader:43] Loaded 20413 HPO term definitions from ontology.
[2026-07-20 16:22:49] INFO [shap_explainer:97] Extracting local attention from TabNet...
[2026-07-20 16:22:49] INFO [shap_explainer:72] Computing global SHAP values for Random Forest...
[2026-07-21 15:31:26] INFO [data_loader:17] Parsing HPO ontology from d:\finalresearchproject\data\raw\hp.obo...
[2026-07-21 15:31:26] INFO [data_loader:43] Loaded 20413 HPO term definitions from ontology.
[2026-07-22 09:05:11] INFO [random_forest:73] Loading Random Forest model from d:\finalresearchproject\models\rf_model.joblib...
[2026-07-22 09:05:11] INFO [random_forest:80] Model loaded successfully.
[2026-07-22 09:05:11] INFO [tabnet:346] Loading TabNet model weights from d:\finalresearchproject\models\tabnet_model.pt...
[2026-07-22 09:05:11] INFO [tabnet:367] TabNet model weights loaded successfully.
[2026-07-22 09:05:11] INFO [shap_explainer:23] Initializing SHAP TreeExplainer for Random Forest...
[2026-07-22 09:05:11] INFO [shap_explainer:27] Random Forest TreeExplainer initialized successfully.
[2026-07-22 09:05:11] INFO [shap_explainer:97] Extracting local attention from TabNet...
[2026-07-22 09:06:25] INFO [generate_cohort:101] Built profile for OMIM:616364 with 138 clinical symptom links (aggregated).
[2026-07-22 09:06:25] INFO [generate_cohort:101] Built profile for OMIM:615829 with 191 clinical symptom links (aggregated).
[2026-07-22 09:06:26] INFO [generate_cohort:101] Built profile for OMIM:122470 with 125 clinical symptom links (aggregated).
[2026-07-22 09:06:26] INFO [data_loader:17] Parsing HPO ontology from d:\finalresearchproject\data\raw\hp.obo...
[2026-07-22 09:06:26] INFO [data_loader:43] Loaded 20413 HPO term definitions from ontology.
[2026-07-22 09:06:26] INFO [generate_cohort:127] Generating 200 patient cases per disease cohort...
[2026-07-22 09:06:26] INFO [generate_cohort:175] Saved 600 synthetic patient profiles to d:\finalresearchproject\data\raw\selected_set1_patient_records.csv
[2026-07-22 09:06:26] INFO [generate_cohort:205] Split sizes created - Train: 420, Val: 90, Test: 90
[2026-07-22 09:06:45] INFO [data_loader:54] Loading patient records from d:\finalresearchproject\data\raw\selected_set1_patient_records.csv...
[2026-07-22 09:06:45] INFO [data_loader:59] Loaded 600 records with columns: ['case_id', 'file_path', 'phenopacket_id', 'patient_id', 'sex', 'age', 'disease_id', 'disease_name', 'hpo_count', 'hpo_ids', 'symptom_names', 'excluded_hpo_ids', 'excluded_symptom_names', 'age_of_onset', 'pmid', 'source_metadata']
[2026-07-22 09:06:45] INFO [data_loader:70] Loading train/val/test manifests...
[2026-07-22 09:06:45] INFO [data_loader:79] Loaded manifests - Train: 420, Val: 90, Test: 90
[2026-07-22 09:06:45] INFO [preprocess:17] Cleaning patient records...
[2026-07-22 09:06:46] INFO [preprocess:97] Cleaned split sizes - Train: 420, Val: 90, Test: 90
[2026-07-22 09:06:46] INFO [preprocess:102] Saved cleaned cohort patient records to d:\finalresearchproject\data\processed\cleaned_patient_records.csv
[2026-07-22 09:06:46] INFO [preprocess:66] Fitting HPO feature vocabulary on train split...
[2026-07-22 09:06:46] INFO [preprocess:75] Generated HPO vocabulary of size 328
[2026-07-22 09:06:46] INFO [preprocess:115] Saved vocabulary dictionary to d:\finalresearchproject\data\processed\metadata\hpo_feature_vocabulary.json (Checksum: d3fdd7b9675e4f112bc50ad3afb4b89a2fde3c88a434bdc4c60cd6f26333604a)
[2026-07-22 09:06:46] INFO [preprocess:255] Preprocessing pipeline completed successfully. Config metadata saved to d:\finalresearchproject\data\processed\metadata\preprocessing_configuration.json
[2026-07-22 09:06:53] INFO [train_rf:31] Starting Random Forest training pipeline for hpo_plus_sex...
[2026-07-22 09:06:53] INFO [train_rf:15] Loading data from d:\finalresearchproject\data\processed\model_ready\hpo_plus_sex
[2026-07-22 09:06:54] INFO [random_forest:27] Instantiating Random Forest model with params: {'n_estimators': 100, 'max_depth': 10, 'random_state': 42, 'class_weight': 'balanced'}
[2026-07-22 09:06:54] INFO [random_forest:31] Fitting base Random Forest model...
[2026-07-22 09:06:54] INFO [random_forest:35] Fitting calibrated Random Forest classifier (using 5-fold cross-validation calibration)...
[2026-07-22 09:06:54] INFO [random_forest:43] Random Forest fitting and calibration completed.
[2026-07-22 09:06:54] INFO [train_rf:43] Evaluating Random Forest on Test set...
[2026-07-22 09:06:54] INFO [train_rf:55] Random Forest Test Accuracy: 1.0000
[2026-07-22 09:06:54] INFO [train_rf:56] Random Forest Test F1 Macro: 1.0000
[2026-07-22 09:06:54] INFO [random_forest:59] Saving Random Forest model to d:\finalresearchproject\models\rf_model.joblib...
[2026-07-22 09:06:54] INFO [random_forest:67] Model saved successfully.
[2026-07-22 09:06:54] INFO [train_rf:68] Saved Random Forest metrics to d:\finalresearchproject\reports\rf_metrics.json
[2026-07-22 09:07:05] INFO [train_tabnet:30] Starting TabNet training pipeline for hpo_plus_sex...
[2026-07-22 09:07:05] INFO [train_tabnet:15] Loading data from d:\finalresearchproject\data\processed\model_ready\hpo_plus_sex
[2026-07-22 09:07:05] INFO [tabnet:212] Instantiating TabNet core model on device: cpu
[2026-07-22 09:07:07] INFO [tabnet:244] Starting TabNet training epochs...
[2026-07-22 09:07:12] INFO [tabnet:280] Epoch 25/150 | Loss: 0.0033 | Val Loss: 1.2710 - Val Acc: 0.3333
[2026-07-22 09:07:18] INFO [tabnet:280] Epoch 50/150 | Loss: 0.0133 | Val Loss: 1.7503 - Val Acc: 0.3333
[2026-07-22 09:07:23] INFO [tabnet:280] Epoch 75/150 | Loss: 0.0034 | Val Loss: 1.6634 - Val Acc: 0.3333
[2026-07-22 09:07:29] INFO [tabnet:280] Epoch 100/150 | Loss: 0.0172 | Val Loss: 1.7723 - Val Acc: 0.3333
[2026-07-22 09:07:34] INFO [tabnet:280] Epoch 125/150 | Loss: 0.0057 | Val Loss: 1.4295 - Val Acc: 0.3333
[2026-07-22 09:07:40] INFO [tabnet:280] Epoch 150/150 | Loss: 0.0019 | Val Loss: 1.4810 - Val Acc: 0.3333
[2026-07-22 09:07:40] INFO [tabnet:282] TabNet training completed.
[2026-07-22 09:07:40] INFO [train_tabnet:42] Evaluating TabNet on Test set...
[2026-07-22 09:07:40] INFO [train_tabnet:54] TabNet Test Accuracy: 0.3333
[2026-07-22 09:07:40] INFO [train_tabnet:55] TabNet Test F1 Macro: 0.1667
[2026-07-22 09:07:40] INFO [tabnet:332] Saving TabNet model weights to d:\finalresearchproject\models\tabnet_model.pt...
[2026-07-22 09:07:40] INFO [tabnet:340] Model weights saved successfully.
[2026-07-22 09:07:40] INFO [train_tabnet:67] Saved TabNet metrics to d:\finalresearchproject\reports\tabnet_metrics.json
[2026-07-22 09:07:51] INFO [evaluate:18] Starting model evaluation and comparative analysis...
[2026-07-22 09:07:51] INFO [random_forest:73] Loading Random Forest model from d:\finalresearchproject\models\rf_model.joblib...
[2026-07-22 09:07:51] INFO [random_forest:80] Model loaded successfully.
[2026-07-22 09:07:51] INFO [tabnet:346] Loading TabNet model weights from d:\finalresearchproject\models\tabnet_model.pt...
[2026-07-22 09:07:51] INFO [tabnet:367] TabNet model weights loaded successfully.
[2026-07-22 09:07:51] INFO [evaluate:83] Successfully generated comparison report at d:\finalresearchproject\reports\model_comparison.json
[2026-07-22 09:07:51] INFO [evaluate:84] Winner model: Random Forest
[2026-07-22 09:08:00] INFO [benchmark_baselines:48] Benchmarking Logistic Regression...
[2026-07-22 09:08:00] INFO [benchmark_baselines:76] Logistic Regression | Test Acc: 1.0000 | F1: 1.0000 | Fit: 0.02856s
[2026-07-22 09:08:00] INFO [benchmark_baselines:48] Benchmarking SVM...
[2026-07-22 09:08:00] INFO [benchmark_baselines:76] SVM | Test Acc: 1.0000 | F1: 1.0000 | Fit: 0.08989s
[2026-07-22 09:08:00] INFO [benchmark_baselines:48] Benchmarking Decision Tree...
[2026-07-22 09:08:00] INFO [benchmark_baselines:76] Decision Tree | Test Acc: 1.0000 | F1: 1.0000 | Fit: 0.00473s
[2026-07-22 09:08:00] INFO [benchmark_baselines:48] Benchmarking KNN...
[2026-07-22 09:08:00] INFO [benchmark_baselines:76] KNN | Test Acc: 1.0000 | F1: 1.0000 | Fit: 0.00233s
[2026-07-22 09:08:00] INFO [benchmark_baselines:48] Benchmarking Naive Bayes...
[2026-07-22 09:08:00] INFO [benchmark_baselines:76] Naive Bayes | Test Acc: 1.0000 | F1: 1.0000 | Fit: 0.00798s
[2026-07-22 09:08:00] INFO [benchmark_baselines:48] Benchmarking XGBoost...
[2026-07-22 09:08:01] INFO [benchmark_baselines:76] XGBoost | Test Acc: 1.0000 | F1: 1.0000 | Fit: 0.24255s
[2026-07-22 09:08:01] INFO [benchmark_baselines:83] Baseline benchmarking completed. Saved to d:\finalresearchproject\reports\baseline_benchmarks.json
[2026-07-22 09:08:17] INFO [verify_scientific:22] Running train-val-test data leakage verification...
[2026-07-22 09:08:17] INFO [verify_scientific:33] Unique profile counts - Train: 420, Val: 90, Test: 90
[2026-07-22 09:08:17] INFO [verify_scientific:34] Symptom profile overlaps - Train-Val: 0, Train-Test: 0, Val-Test: 0
[2026-07-22 09:08:17] INFO [verify_scientific:56] Running 5-fold Stratified Cross-Validation on Random Forest...
[2026-07-22 09:08:19] INFO [verify_scientific:94] Optimizing and retraining TabNet...
[2026-07-22 09:09:05] INFO [verify_scientific:175] Early stopping triggered at epoch 60
[2026-07-22 09:09:05] INFO [random_forest:73] Loading Random Forest model from d:\finalresearchproject\models\rf_model.joblib...
[2026-07-22 09:09:05] INFO [random_forest:80] Model loaded successfully.
[2026-07-22 09:09:05] INFO [shap_explainer:22] Initializing SHAP TreeExplainer for Random Forest...
[2026-07-22 09:09:05] INFO [shap_explainer:26] Random Forest TreeExplainer initialized successfully.
[2026-07-22 09:09:05] INFO [shap_explainer:71] Computing global SHAP values for Random Forest...
[2026-07-22 09:09:07] INFO [verify_scientific:264] Scientific verification run complete. Saved metadata to d:\finalresearchproject\reports\scientific_validation_results.json
[2026-07-22 09:09:26] INFO [random_forest:73] Loading Random Forest model from d:\finalresearchproject\models\rf_model.joblib...
[2026-07-22 09:09:27] INFO [random_forest:80] Model loaded successfully.
[2026-07-22 09:09:27] INFO [shap_explainer:22] Initializing SHAP TreeExplainer for Random Forest...
[2026-07-22 09:09:27] INFO [shap_explainer:26] Random Forest TreeExplainer initialized successfully.
[2026-07-22 09:09:27] INFO [data_loader:17] Parsing HPO ontology from d:\finalresearchproject\data\raw\hp.obo...
[2026-07-22 09:09:27] INFO [data_loader:43] Loaded 20413 HPO term definitions from ontology.
[2026-07-22 09:11:08] INFO [random_forest:73] Loading Random Forest model from d:\finalresearchproject\models\rf_model.joblib...
[2026-07-22 09:11:08] INFO [random_forest:80] Model loaded successfully.
[2026-07-22 09:11:08] INFO [shap_explainer:22] Initializing SHAP TreeExplainer for Random Forest...
[2026-07-22 09:11:08] INFO [shap_explainer:26] Random Forest TreeExplainer initialized successfully.
[2026-07-22 09:11:08] INFO [data_loader:17] Parsing HPO ontology from d:\finalresearchproject\data\raw\hp.obo...
[2026-07-22 09:11:08] INFO [data_loader:43] Loaded 20413 HPO term definitions from ontology.
[2026-07-22 09:11:24] INFO [random_forest:73] Loading Random Forest model from d:\finalresearchproject\models\rf_model.joblib...
[2026-07-22 09:11:24] INFO [random_forest:80] Model loaded successfully.
[2026-07-22 09:11:24] INFO [shap_explainer:22] Initializing SHAP TreeExplainer for Random Forest...
[2026-07-22 09:11:24] INFO [shap_explainer:26] Random Forest TreeExplainer initialized successfully.
[2026-07-22 09:11:24] INFO [data_loader:17] Parsing HPO ontology from d:\finalresearchproject\data\raw\hp.obo...
[2026-07-22 09:11:24] INFO [data_loader:43] Loaded 20413 HPO term definitions from ontology.
[2026-07-22 09:21:42] INFO [data_loader:17] Parsing HPO ontology from d:\finalresearchproject\data\raw\hp.obo...
[2026-07-22 09:21:43] INFO [data_loader:43] Loaded 20413 HPO term definitions from ontology.
[2026-07-22 09:21:43] INFO [random_forest:73] Loading Random Forest model from d:\finalresearchproject\models\rf_model.joblib...
[2026-07-22 09:21:43] INFO [random_forest:80] Model loaded successfully.
[2026-07-22 09:21:43] INFO [tabnet:346] Loading TabNet model weights from d:\finalresearchproject\models\tabnet_model.pt...
[2026-07-22 09:21:43] INFO [tabnet:367] TabNet model weights loaded successfully.
[2026-07-22 09:34:36] INFO [data_loader:17] Parsing HPO ontology from d:\finalresearchproject\data\raw\hp.obo...
[2026-07-22 09:34:36] INFO [data_loader:43] Loaded 20413 HPO term definitions from ontology.
[2026-07-22 09:34:36] INFO [random_forest:73] Loading Random Forest model from d:\finalresearchproject\models\rf_model.joblib...
[2026-07-22 09:34:36] INFO [random_forest:80] Model loaded successfully.
[2026-07-22 09:35:08] INFO [random_forest:73] Loading Random Forest model from d:\finalresearchproject\models\rf_model.joblib...
[2026-07-22 09:35:08] INFO [random_forest:80] Model loaded successfully.
[2026-07-22 09:35:58] INFO [data_loader:17] Parsing HPO ontology from d:\finalresearchproject\data\raw\hp.obo...
[2026-07-22 09:35:58] INFO [data_loader:43] Loaded 20413 HPO term definitions from ontology.
[2026-07-22 09:35:58] INFO [random_forest:27] Instantiating Random Forest model with params: {'n_estimators': 100, 'max_depth': 10, 'random_state': 42, 'class_weight': 'balanced'}
[2026-07-22 09:35:58] INFO [random_forest:31] Fitting base Random Forest model...
[2026-07-22 09:35:58] INFO [random_forest:35] Fitting calibrated Random Forest classifier (using 5-fold cross-validation calibration)...
[2026-07-22 09:35:59] INFO [random_forest:43] Random Forest fitting and calibration completed.
[2026-07-22 09:36:22] INFO [generate_cohort:101] Built profile for OMIM:616364 with 138 clinical symptom links (aggregated).
[2026-07-22 09:36:22] INFO [generate_cohort:101] Built profile for OMIM:615829 with 191 clinical symptom links (aggregated).
[2026-07-22 09:36:22] INFO [generate_cohort:101] Built profile for OMIM:122470 with 125 clinical symptom links (aggregated).
[2026-07-22 09:36:22] INFO [data_loader:17] Parsing HPO ontology from d:\finalresearchproject\data\raw\hp.obo...
[2026-07-22 09:36:22] INFO [data_loader:43] Loaded 20413 HPO term definitions from ontology.
[2026-07-22 09:36:22] INFO [generate_cohort:127] Generating 200 patient cases per disease cohort...
[2026-07-22 09:36:22] INFO [generate_cohort:177] Saved 600 synthetic patient profiles to d:\finalresearchproject\data\raw\selected_set1_patient_records.csv
[2026-07-22 09:36:22] INFO [generate_cohort:207] Split sizes created - Train: 420, Val: 90, Test: 90
[2026-07-22 09:36:30] INFO [data_loader:54] Loading patient records from d:\finalresearchproject\data\raw\selected_set1_patient_records.csv...
[2026-07-22 09:36:30] INFO [data_loader:59] Loaded 600 records with columns: ['case_id', 'file_path', 'phenopacket_id', 'patient_id', 'sex', 'age', 'disease_id', 'disease_name', 'hpo_count', 'hpo_ids', 'symptom_names', 'excluded_hpo_ids', 'excluded_symptom_names', 'age_of_onset', 'pmid', 'source_metadata']
[2026-07-22 09:36:30] INFO [data_loader:70] Loading train/val/test manifests...
[2026-07-22 09:36:30] INFO [data_loader:79] Loaded manifests - Train: 420, Val: 90, Test: 90
[2026-07-22 09:36:30] INFO [preprocess:17] Cleaning patient records...
[2026-07-22 09:36:30] INFO [preprocess:97] Cleaned split sizes - Train: 420, Val: 90, Test: 90
[2026-07-22 09:36:30] INFO [preprocess:102] Saved cleaned cohort patient records to d:\finalresearchproject\data\processed\cleaned_patient_records.csv
[2026-07-22 09:36:30] INFO [preprocess:66] Fitting HPO feature vocabulary on train split...
[2026-07-22 09:36:30] INFO [preprocess:75] Generated HPO vocabulary of size 321
[2026-07-22 09:36:30] INFO [preprocess:115] Saved vocabulary dictionary to d:\finalresearchproject\data\processed\metadata\hpo_feature_vocabulary.json (Checksum: 6dad4f94a90681ad002c9aa19413439b947ea41670fd7a10fd92d88d09758998)
[2026-07-22 09:36:30] INFO [preprocess:255] Preprocessing pipeline completed successfully. Config metadata saved to d:\finalresearchproject\data\processed\metadata\preprocessing_configuration.json
[2026-07-22 09:36:39] INFO [train_rf:31] Starting Random Forest training pipeline for hpo_plus_sex...
[2026-07-22 09:36:39] INFO [train_rf:15] Loading data from d:\finalresearchproject\data\processed\model_ready\hpo_plus_sex
[2026-07-22 09:36:39] INFO [random_forest:27] Instantiating Random Forest model with params: {'n_estimators': 100, 'max_depth': 10, 'random_state': 42, 'class_weight': 'balanced'}
[2026-07-22 09:36:39] INFO [random_forest:31] Fitting base Random Forest model...
[2026-07-22 09:36:40] INFO [random_forest:35] Fitting calibrated Random Forest classifier (using 5-fold cross-validation calibration)...
[2026-07-22 09:36:40] INFO [random_forest:43] Random Forest fitting and calibration completed.
[2026-07-22 09:36:40] INFO [train_rf:43] Evaluating Random Forest on Test set...
[2026-07-22 09:36:40] INFO [train_rf:55] Random Forest Test Accuracy: 0.9444
[2026-07-22 09:36:40] INFO [train_rf:56] Random Forest Test F1 Macro: 0.9446
[2026-07-22 09:36:40] INFO [random_forest:59] Saving Random Forest model to d:\finalresearchproject\models\rf_model.joblib...
[2026-07-22 09:36:41] INFO [random_forest:67] Model saved successfully.
[2026-07-22 09:36:41] INFO [train_rf:68] Saved Random Forest metrics to d:\finalresearchproject\reports\rf_metrics.json
[2026-07-22 09:36:53] INFO [train_tabnet:30] Starting TabNet training pipeline for hpo_plus_sex...
[2026-07-22 09:36:53] INFO [train_tabnet:15] Loading data from d:\finalresearchproject\data\processed\model_ready\hpo_plus_sex
[2026-07-22 09:36:53] INFO [tabnet:212] Instantiating TabNet core model on device: cpu
[2026-07-22 09:36:55] INFO [tabnet:244] Starting TabNet training epochs...
[2026-07-22 09:37:01] INFO [tabnet:280] Epoch 25/150 | Loss: 0.0557 | Val Loss: 1.7130 - Val Acc: 0.3333
[2026-07-22 09:37:07] INFO [tabnet:280] Epoch 50/150 | Loss: 0.0229 | Val Loss: 1.4312 - Val Acc: 0.3333
[2026-07-22 09:37:14] INFO [tabnet:280] Epoch 75/150 | Loss: 0.0575 | Val Loss: 1.8704 - Val Acc: 0.3333
[2026-07-22 09:37:20] INFO [tabnet:280] Epoch 100/150 | Loss: 0.0494 | Val Loss: 1.8303 - Val Acc: 0.3333
[2026-07-22 09:37:26] INFO [tabnet:280] Epoch 125/150 | Loss: 0.0447 | Val Loss: 1.2141 - Val Acc: 0.3333
[2026-07-22 09:37:33] INFO [tabnet:280] Epoch 150/150 | Loss: 0.0100 | Val Loss: 1.0155 - Val Acc: 0.3444
[2026-07-22 09:37:33] INFO [tabnet:282] TabNet training completed.
[2026-07-22 09:37:33] INFO [train_tabnet:42] Evaluating TabNet on Test set...
[2026-07-22 09:37:33] INFO [train_tabnet:54] TabNet Test Accuracy: 0.3444
[2026-07-22 09:37:33] INFO [train_tabnet:55] TabNet Test F1 Macro: 0.1896
[2026-07-22 09:37:33] INFO [tabnet:332] Saving TabNet model weights to d:\finalresearchproject\models\tabnet_model.pt...
[2026-07-22 09:37:33] INFO [tabnet:340] Model weights saved successfully.
[2026-07-22 09:37:33] INFO [train_tabnet:67] Saved TabNet metrics to d:\finalresearchproject\reports\tabnet_metrics.json
[2026-07-22 09:38:08] INFO [evaluate:18] Starting model evaluation and comparative analysis...
[2026-07-22 09:38:08] INFO [random_forest:73] Loading Random Forest model from d:\finalresearchproject\models\rf_model.joblib...
[2026-07-22 09:38:08] INFO [random_forest:80] Model loaded successfully.
[2026-07-22 09:38:08] INFO [tabnet:346] Loading TabNet model weights from d:\finalresearchproject\models\tabnet_model.pt...
[2026-07-22 09:38:08] INFO [tabnet:367] TabNet model weights loaded successfully.
[2026-07-22 09:38:09] INFO [evaluate:83] Successfully generated comparison report at d:\finalresearchproject\reports\model_comparison.json
[2026-07-22 09:38:09] INFO [evaluate:84] Winner model: Random Forest
[2026-07-22 09:38:51] INFO [benchmark_baselines:48] Benchmarking Logistic Regression...
[2026-07-22 09:38:51] INFO [benchmark_baselines:76] Logistic Regression | Test Acc: 1.0000 | F1: 1.0000 | Fit: 0.03561s
[2026-07-22 09:38:51] INFO [benchmark_baselines:48] Benchmarking SVM...
[2026-07-22 09:38:51] INFO [benchmark_baselines:76] SVM | Test Acc: 1.0000 | F1: 1.0000 | Fit: 0.14138s
[2026-07-22 09:38:51] INFO [benchmark_baselines:48] Benchmarking Decision Tree...
[2026-07-22 09:38:51] INFO [benchmark_baselines:76] Decision Tree | Test Acc: 0.9222 | F1: 0.9232 | Fit: 0.01580s
[2026-07-22 09:38:51] INFO [benchmark_baselines:48] Benchmarking KNN...
[2026-07-22 09:38:51] INFO [benchmark_baselines:76] KNN | Test Acc: 0.8111 | F1: 0.8121 | Fit: 0.00243s
[2026-07-22 09:38:51] INFO [benchmark_baselines:48] Benchmarking Naive Bayes...
[2026-07-22 09:38:51] INFO [benchmark_baselines:76] Naive Bayes | Test Acc: 1.0000 | F1: 1.0000 | Fit: 0.00500s
[2026-07-22 09:38:51] INFO [benchmark_baselines:48] Benchmarking XGBoost...
[2026-07-22 09:38:51] INFO [benchmark_baselines:76] XGBoost | Test Acc: 0.9889 | F1: 0.9889 | Fit: 0.35849s
[2026-07-22 09:38:51] INFO [benchmark_baselines:83] Baseline benchmarking completed. Saved to d:\finalresearchproject\reports\baseline_benchmarks.json
[2026-07-22 09:39:17] INFO [verify_scientific:22] Running train-val-test data leakage verification...
[2026-07-22 09:39:17] INFO [verify_scientific:33] Unique profile counts - Train: 420, Val: 90, Test: 90
[2026-07-22 09:39:17] INFO [verify_scientific:34] Symptom profile overlaps - Train-Val: 0, Train-Test: 0, Val-Test: 0
[2026-07-22 09:39:17] INFO [verify_scientific:56] Running 5-fold Stratified Cross-Validation on Random Forest...
[2026-07-22 09:39:19] INFO [verify_scientific:94] Optimizing and retraining TabNet...
[2026-07-22 09:39:55] INFO [verify_scientific:175] Early stopping triggered at epoch 48
[2026-07-22 09:39:55] INFO [random_forest:73] Loading Random Forest model from d:\finalresearchproject\models\rf_model.joblib...
[2026-07-22 09:39:55] INFO [random_forest:80] Model loaded successfully.
[2026-07-22 09:39:55] INFO [shap_explainer:22] Initializing SHAP TreeExplainer for Random Forest...
[2026-07-22 09:39:55] INFO [shap_explainer:26] Random Forest TreeExplainer initialized successfully.
[2026-07-22 09:39:55] INFO [shap_explainer:71] Computing global SHAP values for Random Forest...
[2026-07-22 09:39:58] INFO [verify_scientific:264] Scientific verification run complete. Saved metadata to d:\finalresearchproject\reports\scientific_validation_results.json
[2026-07-22 09:40:14] INFO [random_forest:73] Loading Random Forest model from d:\finalresearchproject\models\rf_model.joblib...
[2026-07-22 09:40:14] INFO [random_forest:80] Model loaded successfully.
[2026-07-22 09:40:14] INFO [shap_explainer:22] Initializing SHAP TreeExplainer for Random Forest...
[2026-07-22 09:40:14] INFO [shap_explainer:26] Random Forest TreeExplainer initialized successfully.
[2026-07-22 09:40:14] INFO [data_loader:17] Parsing HPO ontology from d:\finalresearchproject\data\raw\hp.obo...
[2026-07-22 09:40:14] INFO [data_loader:43] Loaded 20413 HPO term definitions from ontology.
[2026-07-22 09:40:43] INFO [random_forest:73] Loading Random Forest model from d:\finalresearchproject\models\rf_model.joblib...
[2026-07-22 09:40:43] INFO [random_forest:80] Model loaded successfully.
[2026-07-22 09:57:07] INFO [data_loader:17] Parsing HPO ontology from d:\finalresearchproject\data\raw\hp.obo...
[2026-07-22 09:57:07] INFO [data_loader:43] Loaded 20413 HPO term definitions from ontology.
[2026-07-22 09:57:07] INFO [random_forest:73] Loading Random Forest model from d:\finalresearchproject\models\rf_model.joblib...
[2026-07-22 09:57:08] INFO [random_forest:80] Model loaded successfully.
[2026-07-22 10:14:05] INFO [random_forest:73] Loading Random Forest model from d:\finalresearchproject\models\rf_model.joblib...
[2026-07-22 10:14:06] INFO [random_forest:80] Model loaded successfully.
[2026-07-22 10:14:06] INFO [tabnet:346] Loading TabNet model weights from d:\finalresearchproject\models\tabnet_model.pt...
[2026-07-22 10:14:06] INFO [tabnet:367] TabNet model weights loaded successfully.
[2026-07-22 11:18:05] INFO [data_loader:17] Parsing HPO ontology from d:\finalresearchproject\data\raw\hp.obo...
[2026-07-22 11:18:05] INFO [data_loader:43] Loaded 20413 HPO term definitions from ontology.
[2026-07-22 11:18:05] INFO [random_forest:73] Loading Random Forest model from d:\finalresearchproject\models\rf_model.joblib...
[2026-07-22 11:18:05] INFO [random_forest:80] Model loaded successfully.
[2026-07-22 11:18:28] INFO [data_loader:17] Parsing HPO ontology from d:\finalresearchproject\data\raw\hp.obo...
[2026-07-22 11:18:28] INFO [data_loader:43] Loaded 20413 HPO term definitions from ontology.
[2026-07-22 11:20:37] INFO [generate_cohort:101] Built profile for OMIM:616364 with 138 clinical symptom links (aggregated).
[2026-07-22 11:20:37] INFO [generate_cohort:101] Built profile for OMIM:615829 with 191 clinical symptom links (aggregated).
[2026-07-22 11:20:37] INFO [generate_cohort:101] Built profile for OMIM:122470 with 125 clinical symptom links (aggregated).
[2026-07-22 11:20:37] INFO [data_loader:17] Parsing HPO ontology from d:\finalresearchproject\data\raw\hp.obo...
[2026-07-22 11:20:37] INFO [data_loader:43] Loaded 20413 HPO term definitions from ontology.
[2026-07-22 11:20:37] INFO [generate_cohort:127] Generating 200 patient cases per disease cohort...
[2026-07-22 11:20:37] INFO [generate_cohort:203] Saved 600 synthetic patient profiles to d:\finalresearchproject\data\raw\selected_set1_patient_records.csv
[2026-07-22 11:20:37] INFO [generate_cohort:233] Split sizes created - Train: 420, Val: 90, Test: 90
[2026-07-22 11:20:49] INFO [data_loader:54] Loading patient records from d:\finalresearchproject\data\raw\selected_set1_patient_records.csv...
[2026-07-22 11:20:49] INFO [data_loader:59] Loaded 600 records with columns: ['case_id', 'file_path', 'phenopacket_id', 'patient_id', 'sex', 'age', 'disease_id', 'disease_name', 'hpo_count', 'hpo_ids', 'symptom_names', 'excluded_hpo_ids', 'excluded_symptom_names', 'age_of_onset', 'pmid', 'source_metadata']
[2026-07-22 11:20:49] INFO [data_loader:70] Loading train/val/test manifests...
[2026-07-22 11:20:49] INFO [data_loader:79] Loaded manifests - Train: 420, Val: 90, Test: 90
[2026-07-22 11:20:49] INFO [preprocess:17] Cleaning patient records...
[2026-07-22 11:20:49] INFO [preprocess:97] Cleaned split sizes - Train: 420, Val: 90, Test: 90
[2026-07-22 11:20:49] INFO [preprocess:102] Saved cleaned cohort patient records to d:\finalresearchproject\data\processed\cleaned_patient_records.csv
[2026-07-22 11:20:49] INFO [preprocess:66] Fitting HPO feature vocabulary on train split...
[2026-07-22 11:20:49] INFO [preprocess:75] Generated HPO vocabulary of size 320
[2026-07-22 11:20:49] INFO [preprocess:115] Saved vocabulary dictionary to d:\finalresearchproject\data\processed\metadata\hpo_feature_vocabulary.json (Checksum: 64e22868a310f6787fb2b82ddcc6131e75384197c47b40d648ede34941f539b2)
[2026-07-22 11:20:49] INFO [preprocess:255] Preprocessing pipeline completed successfully. Config metadata saved to d:\finalresearchproject\data\processed\metadata\preprocessing_configuration.json
[2026-07-22 11:21:02] INFO [train_rf:31] Starting Random Forest training pipeline for hpo_plus_sex...
[2026-07-22 11:21:02] INFO [train_rf:15] Loading data from d:\finalresearchproject\data\processed\model_ready\hpo_plus_sex
[2026-07-22 11:21:02] INFO [random_forest:27] Instantiating Random Forest model with params: {'n_estimators': 100, 'max_depth': 10, 'random_state': 42, 'class_weight': 'balanced'}
[2026-07-22 11:21:02] INFO [random_forest:31] Fitting base Random Forest model...
[2026-07-22 11:21:03] INFO [random_forest:35] Fitting calibrated Random Forest classifier (using 5-fold cross-validation calibration)...
[2026-07-22 11:21:03] INFO [random_forest:43] Random Forest fitting and calibration completed.
[2026-07-22 11:21:03] INFO [train_rf:43] Evaluating Random Forest on Test set...
[2026-07-22 11:21:03] INFO [train_rf:55] Random Forest Test Accuracy: 0.9778
[2026-07-22 11:21:03] INFO [train_rf:56] Random Forest Test F1 Macro: 0.9778
[2026-07-22 11:21:03] INFO [random_forest:59] Saving Random Forest model to d:\finalresearchproject\models\rf_model.joblib...
[2026-07-22 11:21:03] INFO [random_forest:67] Model saved successfully.
[2026-07-22 11:21:03] INFO [train_rf:68] Saved Random Forest metrics to d:\finalresearchproject\reports\rf_metrics.json
[2026-07-22 11:21:18] INFO [train_tabnet:30] Starting TabNet training pipeline for hpo_plus_sex...
[2026-07-22 11:21:18] INFO [train_tabnet:15] Loading data from d:\finalresearchproject\data\processed\model_ready\hpo_plus_sex
[2026-07-22 11:21:18] INFO [tabnet:212] Instantiating TabNet core model on device: cpu
[2026-07-22 11:21:20] INFO [tabnet:244] Starting TabNet training epochs...
[2026-07-22 11:21:26] INFO [tabnet:280] Epoch 25/150 | Loss: 0.0534 | Val Loss: 1.0856 - Val Acc: 0.6000
[2026-07-22 11:21:31] INFO [tabnet:280] Epoch 50/150 | Loss: 0.1518 | Val Loss: 1.4178 - Val Acc: 0.3333
[2026-07-22 11:21:37] INFO [tabnet:280] Epoch 75/150 | Loss: 0.0796 | Val Loss: 0.9933 - Val Acc: 0.4778
[2026-07-22 11:21:44] INFO [tabnet:280] Epoch 100/150 | Loss: 0.0394 | Val Loss: 1.4002 - Val Acc: 0.3333
[2026-07-22 11:21:51] INFO [tabnet:280] Epoch 125/150 | Loss: 0.0423 | Val Loss: 1.1379 - Val Acc: 0.3778
[2026-07-22 11:21:58] INFO [tabnet:280] Epoch 150/150 | Loss: 0.0387 | Val Loss: 1.0150 - Val Acc: 0.6222
[2026-07-22 11:21:58] INFO [tabnet:282] TabNet training completed.
[2026-07-22 11:21:58] INFO [train_tabnet:42] Evaluating TabNet on Test set...
[2026-07-22 11:21:58] INFO [train_tabnet:54] TabNet Test Accuracy: 0.6000
[2026-07-22 11:21:58] INFO [train_tabnet:55] TabNet Test F1 Macro: 0.5046
[2026-07-22 11:21:58] INFO [tabnet:332] Saving TabNet model weights to d:\finalresearchproject\models\tabnet_model.pt...
[2026-07-22 11:21:58] INFO [tabnet:340] Model weights saved successfully.
[2026-07-22 11:21:58] INFO [train_tabnet:67] Saved TabNet metrics to d:\finalresearchproject\reports\tabnet_metrics.json
[2026-07-22 11:22:30] INFO [evaluate:18] Starting model evaluation and comparative analysis...
[2026-07-22 11:22:30] INFO [random_forest:73] Loading Random Forest model from d:\finalresearchproject\models\rf_model.joblib...
[2026-07-22 11:22:30] INFO [random_forest:80] Model loaded successfully.
[2026-07-22 11:22:30] INFO [tabnet:346] Loading TabNet model weights from d:\finalresearchproject\models\tabnet_model.pt...
[2026-07-22 11:22:30] INFO [tabnet:367] TabNet model weights loaded successfully.
[2026-07-22 11:22:30] INFO [evaluate:83] Successfully generated comparison report at d:\finalresearchproject\reports\model_comparison.json
[2026-07-22 11:22:30] INFO [evaluate:84] Winner model: Random Forest
[2026-07-22 11:22:43] INFO [benchmark_baselines:48] Benchmarking Logistic Regression...
[2026-07-22 11:22:43] INFO [benchmark_baselines:76] Logistic Regression | Test Acc: 1.0000 | F1: 1.0000 | Fit: 0.03460s
[2026-07-22 11:22:43] INFO [benchmark_baselines:48] Benchmarking SVM...
[2026-07-22 11:22:44] INFO [benchmark_baselines:76] SVM | Test Acc: 0.9889 | F1: 0.9889 | Fit: 0.16670s
[2026-07-22 11:22:44] INFO [benchmark_baselines:48] Benchmarking Decision Tree...
[2026-07-22 11:22:44] INFO [benchmark_baselines:76] Decision Tree | Test Acc: 0.9333 | F1: 0.9330 | Fit: 0.01260s
[2026-07-22 11:22:44] INFO [benchmark_baselines:48] Benchmarking KNN...
[2026-07-22 11:22:44] INFO [benchmark_baselines:76] KNN | Test Acc: 0.7778 | F1: 0.7711 | Fit: 0.00247s
[2026-07-22 11:22:44] INFO [benchmark_baselines:48] Benchmarking Naive Bayes...
[2026-07-22 11:22:44] INFO [benchmark_baselines:76] Naive Bayes | Test Acc: 1.0000 | F1: 1.0000 | Fit: 0.00735s
[2026-07-22 11:22:44] INFO [benchmark_baselines:48] Benchmarking XGBoost...
[2026-07-22 11:22:44] INFO [benchmark_baselines:76] XGBoost | Test Acc: 0.9667 | F1: 0.9667 | Fit: 0.37553s
[2026-07-22 11:22:44] INFO [benchmark_baselines:83] Baseline benchmarking completed. Saved to d:\finalresearchproject\reports\baseline_benchmarks.json
[2026-07-22 11:22:59] INFO [verify_scientific:22] Running train-val-test data leakage verification...
[2026-07-22 11:22:59] INFO [verify_scientific:33] Unique profile counts - Train: 420, Val: 90, Test: 90
[2026-07-22 11:22:59] INFO [verify_scientific:34] Symptom profile overlaps - Train-Val: 0, Train-Test: 0, Val-Test: 0
[2026-07-22 11:22:59] INFO [verify_scientific:56] Running 5-fold Stratified Cross-Validation on Random Forest...
[2026-07-22 11:23:02] INFO [verify_scientific:94] Optimizing and retraining TabNet...
[2026-07-22 11:23:38] INFO [verify_scientific:175] Early stopping triggered at epoch 48
[2026-07-22 11:23:38] INFO [random_forest:73] Loading Random Forest model from d:\finalresearchproject\models\rf_model.joblib...
[2026-07-22 11:23:38] INFO [random_forest:80] Model loaded successfully.
[2026-07-22 11:23:38] INFO [shap_explainer:22] Initializing SHAP TreeExplainer for Random Forest...
[2026-07-22 11:23:38] INFO [shap_explainer:26] Random Forest TreeExplainer initialized successfully.
[2026-07-22 11:23:38] INFO [shap_explainer:71] Computing global SHAP values for Random Forest...
[2026-07-22 11:23:41] INFO [verify_scientific:264] Scientific verification run complete. Saved metadata to d:\finalresearchproject\reports\scientific_validation_results.json
[2026-07-22 11:39:52] INFO [data_loader:17] Parsing HPO ontology from d:\finalresearchproject\data\raw\hp.obo...
[2026-07-22 11:39:53] INFO [data_loader:43] Loaded 20413 HPO term definitions from ontology.
[2026-07-22 11:39:53] INFO [random_forest:73] Loading Random Forest model from d:\finalresearchproject\models\rf_model.joblib...
[2026-07-22 11:39:53] INFO [random_forest:80] Model loaded successfully.
[2026-07-22 11:39:53] INFO [tabnet:346] Loading TabNet model weights from d:\finalresearchproject\models\tabnet_model.pt...
[2026-07-22 11:39:53] INFO [tabnet:367] TabNet model weights loaded successfully.
[2026-07-22 12:11:14] INFO [random_forest:73] Loading Random Forest model from d:\finalresearchproject\models\rf_model.joblib...
[2026-07-22 12:11:15] INFO [random_forest:80] Model loaded successfully.
[2026-07-22 12:11:15] INFO [tabnet:346] Loading TabNet model weights from d:\finalresearchproject\models\tabnet_model.pt...
[2026-07-22 12:11:15] INFO [tabnet:367] TabNet model weights loaded successfully.
[2026-07-22 12:11:15] INFO [shap_explainer:22] Initializing SHAP TreeExplainer for Random Forest...
[2026-07-22 12:11:15] INFO [shap_explainer:26] Random Forest TreeExplainer initialized successfully.
[2026-07-22 12:11:15] INFO [data_loader:17] Parsing HPO ontology from d:\finalresearchproject\data\raw\hp.obo...
[2026-07-22 12:11:15] INFO [data_loader:43] Loaded 20413 HPO term definitions from ontology.
[2026-07-22 12:11:15] INFO [shap_explainer:96] Extracting local attention from TabNet...
[2026-07-22 12:11:15] INFO [shap_explainer:71] Computing global SHAP values for Random Forest...
[2026-07-22 13:51:30] INFO [data_loader:17] Parsing HPO ontology from d:\finalresearchproject\data\raw\hp.obo...
[2026-07-22 13:51:30] INFO [data_loader:43] Loaded 20413 HPO term definitions from ontology.
[2026-07-22 13:51:31] INFO [shap_explainer:96] Extracting local attention from TabNet...
[2026-07-22 13:51:31] INFO [shap_explainer:71] Computing global SHAP values for Random Forest...
[2026-07-22 13:51:52] INFO [data_loader:17] Parsing HPO ontology from d:\finalresearchproject\data\raw\hp.obo...
[2026-07-22 13:51:52] INFO [data_loader:43] Loaded 20413 HPO term definitions from ontology.
[2026-07-22 13:51:53] INFO [shap_explainer:96] Extracting local attention from TabNet...
[2026-07-22 13:51:53] INFO [shap_explainer:71] Computing global SHAP values for Random Forest...
[2026-07-22 13:51:55] INFO [data_loader:17] Parsing HPO ontology from d:\finalresearchproject\data\raw\hp.obo...
[2026-07-22 13:51:55] INFO [data_loader:43] Loaded 20413 HPO term definitions from ontology.
[2026-07-22 13:51:56] INFO [shap_explainer:96] Extracting local attention from TabNet...
[2026-07-22 13:51:56] INFO [shap_explainer:71] Computing global SHAP values for Random Forest...
[2026-07-22 13:52:20] INFO [data_loader:17] Parsing HPO ontology from d:\finalresearchproject\data\raw\hp.obo...
[2026-07-22 13:52:20] INFO [data_loader:43] Loaded 20413 HPO term definitions from ontology.
[2026-07-22 13:52:21] INFO [shap_explainer:96] Extracting local attention from TabNet...
[2026-07-22 13:52:21] INFO [shap_explainer:71] Computing global SHAP values for Random Forest...
[2026-07-22 13:52:23] INFO [data_loader:17] Parsing HPO ontology from d:\finalresearchproject\data\raw\hp.obo...
[2026-07-22 13:52:24] INFO [data_loader:43] Loaded 20413 HPO term definitions from ontology.
[2026-07-22 13:52:24] INFO [shap_explainer:96] Extracting local attention from TabNet...
[2026-07-22 13:52:24] INFO [shap_explainer:71] Computing global SHAP values for Random Forest...
[2026-07-22 13:58:55] INFO [data_loader:17] Parsing HPO ontology from d:\finalresearchproject\data\raw\hp.obo...
[2026-07-22 13:58:56] INFO [data_loader:43] Loaded 20413 HPO term definitions from ontology.
[2026-07-22 13:58:56] INFO [shap_explainer:96] Extracting local attention from TabNet...
[2026-07-22 13:58:56] INFO [shap_explainer:71] Computing global SHAP values for Random Forest...
[2026-07-22 13:59:08] INFO [data_loader:17] Parsing HPO ontology from d:\finalresearchproject\data\raw\hp.obo...
[2026-07-22 13:59:09] INFO [data_loader:43] Loaded 20413 HPO term definitions from ontology.
[2026-07-22 13:59:09] INFO [shap_explainer:96] Extracting local attention from TabNet...
[2026-07-22 13:59:09] INFO [shap_explainer:71] Computing global SHAP values for Random Forest...
[2026-07-22 14:06:44] INFO [data_loader:17] Parsing HPO ontology from d:\finalresearchproject\data\raw\hp.obo...
[2026-07-22 14:06:44] INFO [data_loader:43] Loaded 20413 HPO term definitions from ontology.
[2026-07-22 14:06:45] INFO [shap_explainer:96] Extracting local attention from TabNet...
[2026-07-22 14:06:45] INFO [shap_explainer:71] Computing global SHAP values for Random Forest...
[2026-07-22 14:06:52] INFO [data_loader:17] Parsing HPO ontology from d:\finalresearchproject\data\raw\hp.obo...
[2026-07-22 14:06:52] INFO [data_loader:43] Loaded 20413 HPO term definitions from ontology.
[2026-07-22 14:06:52] INFO [shap_explainer:96] Extracting local attention from TabNet...
[2026-07-22 14:06:52] INFO [shap_explainer:71] Computing global SHAP values for Random Forest...
[2026-07-22 14:09:10] INFO [data_loader:17] Parsing HPO ontology from d:\finalresearchproject\data\raw\hp.obo...
[2026-07-22 14:09:10] INFO [data_loader:43] Loaded 20413 HPO term definitions from ontology.
[2026-07-22 14:09:11] INFO [shap_explainer:96] Extracting local attention from TabNet...
[2026-07-22 14:09:11] INFO [shap_explainer:71] Computing global SHAP values for Random Forest...
[2026-07-22 14:09:17] INFO [data_loader:17] Parsing HPO ontology from d:\finalresearchproject\data\raw\hp.obo...
[2026-07-22 14:09:17] INFO [data_loader:43] Loaded 20413 HPO term definitions from ontology.
[2026-07-22 14:09:17] INFO [shap_explainer:96] Extracting local attention from TabNet...
[2026-07-22 14:09:17] INFO [shap_explainer:71] Computing global SHAP values for Random Forest...
[2026-07-22 14:10:10] INFO [data_loader:17] Parsing HPO ontology from d:\finalresearchproject\data\raw\hp.obo...
[2026-07-22 14:10:10] INFO [data_loader:43] Loaded 20413 HPO term definitions from ontology.
[2026-07-22 14:10:10] INFO [shap_explainer:96] Extracting local attention from TabNet...
[2026-07-22 14:10:10] INFO [shap_explainer:71] Computing global SHAP values for Random Forest...
[2026-07-22 14:11:22] INFO [data_loader:17] Parsing HPO ontology from d:\finalresearchproject\data\raw\hp.obo...
[2026-07-22 14:11:22] INFO [data_loader:43] Loaded 20413 HPO term definitions from ontology.
[2026-07-22 14:11:22] INFO [shap_explainer:96] Extracting local attention from TabNet...
[2026-07-22 14:11:22] INFO [shap_explainer:71] Computing global SHAP values for Random Forest...
[2026-07-22 14:14:28] INFO [data_loader:17] Parsing HPO ontology from d:\finalresearchproject\data\raw\hp.obo...
[2026-07-22 14:14:29] INFO [data_loader:43] Loaded 20413 HPO term definitions from ontology.
[2026-07-22 14:14:29] INFO [shap_explainer:96] Extracting local attention from TabNet...
[2026-07-22 14:14:29] INFO [shap_explainer:71] Computing global SHAP values for Random Forest...
[2026-07-22 14:14:37] INFO [data_loader:17] Parsing HPO ontology from d:\finalresearchproject\data\raw\hp.obo...
[2026-07-22 14:14:38] INFO [data_loader:43] Loaded 20413 HPO term definitions from ontology.
[2026-07-22 14:14:38] INFO [shap_explainer:96] Extracting local attention from TabNet...
[2026-07-22 14:14:38] INFO [shap_explainer:71] Computing global SHAP values for Random Forest...
[2026-07-22 14:14:42] INFO [data_loader:17] Parsing HPO ontology from d:\finalresearchproject\data\raw\hp.obo...
[2026-07-22 14:14:42] INFO [data_loader:43] Loaded 20413 HPO term definitions from ontology.
[2026-07-22 14:14:42] INFO [shap_explainer:96] Extracting local attention from TabNet...
[2026-07-22 14:14:42] INFO [shap_explainer:71] Computing global SHAP values for Random Forest...
[2026-07-22 19:31:41] INFO [data_loader:17] Parsing HPO ontology from d:\finalresearchproject\data\raw\hp.obo...
[2026-07-22 19:31:48] INFO [data_loader:43] Loaded 20413 HPO term definitions from ontology.
[2026-07-22 19:31:49] INFO [random_forest:73] Loading Random Forest model from d:\finalresearchproject\models\rf_model.joblib...
[2026-07-22 19:31:49] INFO [random_forest:80] Model loaded successfully.
[2026-07-22 19:31:49] INFO [tabnet:346] Loading TabNet model weights from d:\finalresearchproject\models\tabnet_model.pt...
[2026-07-22 19:31:49] INFO [tabnet:367] TabNet model weights loaded successfully.
[2026-07-22 19:32:37] INFO [random_forest:73] Loading Random Forest model from d:\finalresearchproject\models\rf_model.joblib...
[2026-07-22 19:32:37] INFO [random_forest:80] Model loaded successfully.
[2026-07-22 19:32:37] INFO [tabnet:346] Loading TabNet model weights from d:\finalresearchproject\models\tabnet_model.pt...
[2026-07-22 19:32:37] INFO [tabnet:367] TabNet model weights loaded successfully.
[2026-07-22 19:32:37] INFO [shap_explainer:22] Initializing SHAP TreeExplainer for Random Forest...
[2026-07-22 19:32:37] INFO [shap_explainer:26] Random Forest TreeExplainer initialized successfully.
[2026-07-22 19:32:37] INFO [data_loader:17] Parsing HPO ontology from d:\finalresearchproject\data\raw\hp.obo...
[2026-07-22 19:32:37] INFO [data_loader:43] Loaded 20413 HPO term definitions from ontology.
[2026-07-22 19:32:37] INFO [shap_explainer:96] Extracting local attention from TabNet...
[2026-07-22 19:32:38] INFO [shap_explainer:71] Computing global SHAP values for Random Forest...
[2026-07-22 19:39:12] INFO [data_loader:17] Parsing HPO ontology from d:\finalresearchproject\data\raw\hp.obo...
[2026-07-22 19:40:46] INFO [data_loader:43] Loaded 20413 HPO term definitions from ontology.
[2026-07-22 19:46:30] INFO [data_loader:17] Parsing HPO ontology from d:\finalresearchproject\data\raw\hp.obo...
[2026-07-22 19:46:30] INFO [data_loader:43] Loaded 20413 HPO term definitions from ontology.
[2026-07-22 19:46:30] INFO [shap_explainer:96] Extracting local attention from TabNet...
[2026-07-22 19:46:31] INFO [shap_explainer:71] Computing global SHAP values for Random Forest...
[2026-07-22 19:46:42] INFO [data_loader:17] Parsing HPO ontology from d:\finalresearchproject\data\raw\hp.obo...
[2026-07-22 19:46:56] INFO [data_loader:43] Loaded 20413 HPO term definitions from ontology.
[2026-07-22 19:47:05] INFO [data_loader:17] Parsing HPO ontology from d:\finalresearchproject\data\raw\hp.obo...
[2026-07-22 19:47:32] INFO [data_loader:43] Loaded 20413 HPO term definitions from ontology.
[2026-07-22 20:29:37] INFO [data_loader:17] Parsing HPO ontology from d:\finalresearchproject\data\raw\hp.obo...
[2026-07-22 20:29:38] INFO [data_loader:43] Loaded 20413 HPO term definitions from ontology.
[2026-07-22 20:32:55] INFO [data_loader:17] Parsing HPO ontology from d:\finalresearchproject\data\raw\hp.obo...
[2026-07-22 20:33:04] INFO [data_loader:43] Loaded 20413 HPO term definitions from ontology.
[2026-07-22 21:16:17] INFO [data_loader:17] Parsing HPO ontology from d:\finalresearchproject\data\raw\hp.obo...
[2026-07-22 21:16:17] INFO [data_loader:43] Loaded 20413 HPO term definitions from ontology.
[2026-07-22 21:17:53] INFO [data_loader:17] Parsing HPO ontology from d:\finalresearchproject\data\raw\hp.obo...
[2026-07-22 21:17:53] INFO [data_loader:43] Loaded 20413 HPO term definitions from ontology.
[2026-07-22 21:29:20] INFO [data_loader:17] Parsing HPO ontology from d:\finalresearchproject\data\raw\hp.obo...
[2026-07-22 21:29:21] INFO [data_loader:43] Loaded 20413 HPO term definitions from ontology.
[2026-07-22 21:29:21] INFO [shap_explainer:96] Extracting local attention from TabNet...
[2026-07-22 21:29:25] INFO [shap_explainer:71] Computing global SHAP values for Random Forest...
[2026-07-22 21:29:47] INFO [data_loader:17] Parsing HPO ontology from d:\finalresearchproject\data\raw\hp.obo...
[2026-07-22 21:29:48] INFO [data_loader:43] Loaded 20413 HPO term definitions from ontology.
[2026-07-22 21:29:48] INFO [shap_explainer:96] Extracting local attention from TabNet...
[2026-07-22 21:29:49] INFO [shap_explainer:71] Computing global SHAP values for Random Forest...
[2026-07-22 21:29:53] INFO [data_loader:17] Parsing HPO ontology from d:\finalresearchproject\data\raw\hp.obo...
[2026-07-22 21:29:53] INFO [data_loader:43] Loaded 20413 HPO term definitions from ontology.
[2026-07-22 21:29:54] INFO [shap_explainer:96] Extracting local attention from TabNet...
[2026-07-22 21:29:54] INFO [shap_explainer:71] Computing global SHAP values for Random Forest...
[2026-07-22 21:30:10] INFO [data_loader:17] Parsing HPO ontology from d:\finalresearchproject\data\raw\hp.obo...
[2026-07-22 21:30:11] INFO [data_loader:43] Loaded 20413 HPO term definitions from ontology.
[2026-07-22 21:30:11] INFO [shap_explainer:96] Extracting local attention from TabNet...
[2026-07-22 21:30:11] INFO [shap_explainer:71] Computing global SHAP values for Random Forest...
[2026-07-22 21:30:28] INFO [data_loader:17] Parsing HPO ontology from d:\finalresearchproject\data\raw\hp.obo...
[2026-07-22 21:30:30] INFO [data_loader:43] Loaded 20413 HPO term definitions from ontology.
[2026-07-23 19:24:24] INFO [data_loader:17] Parsing HPO ontology from d:\finalresearchproject\data\raw\hp.obo...
[2026-07-23 19:24:24] INFO [data_loader:43] Loaded 20413 HPO term definitions from ontology.
[2026-07-23 19:24:24] INFO [random_forest:73] Loading Random Forest model from d:\finalresearchproject\models\rf_model.joblib...
[2026-07-23 19:24:25] INFO [random_forest:80] Model loaded successfully.
[2026-07-23 19:24:25] INFO [tabnet:346] Loading TabNet model weights from d:\finalresearchproject\models\tabnet_model.pt...
[2026-07-23 19:24:26] INFO [tabnet:367] TabNet model weights loaded successfully.
[2026-07-23 19:25:29] INFO [random_forest:73] Loading Random Forest model from d:\finalresearchproject\models\rf_model.joblib...
[2026-07-23 19:25:29] INFO [random_forest:80] Model loaded successfully.
[2026-07-23 19:25:29] INFO [tabnet:346] Loading TabNet model weights from d:\finalresearchproject\models\tabnet_model.pt...
[2026-07-23 19:25:29] INFO [tabnet:367] TabNet model weights loaded successfully.
[2026-07-23 19:25:29] INFO [shap_explainer:22] Initializing SHAP TreeExplainer for Random Forest...
[2026-07-23 19:25:29] INFO [shap_explainer:26] Random Forest TreeExplainer initialized successfully.
[2026-07-23 19:25:29] INFO [data_loader:17] Parsing HPO ontology from d:\finalresearchproject\data\raw\hp.obo...
[2026-07-23 19:25:30] INFO [data_loader:43] Loaded 20413 HPO term definitions from ontology.
[2026-07-23 19:25:31] INFO [shap_explainer:96] Extracting local attention from TabNet...
[2026-07-23 19:25:32] INFO [shap_explainer:71] Computing global SHAP values for Random Forest...
[2026-07-23 19:26:04] INFO [random_forest:73] Loading Random Forest model from d:\finalresearchproject\models\rf_model.joblib...
[2026-07-23 19:26:04] INFO [random_forest:80] Model loaded successfully.
[2026-07-23 19:26:04] INFO [tabnet:346] Loading TabNet model weights from d:\finalresearchproject\models\tabnet_model.pt...
[2026-07-23 19:26:04] INFO [tabnet:367] TabNet model weights loaded successfully.
[2026-07-23 19:26:04] INFO [shap_explainer:22] Initializing SHAP TreeExplainer for Random Forest...
[2026-07-23 19:26:04] INFO [shap_explainer:26] Random Forest TreeExplainer initialized successfully.
[2026-07-23 19:26:04] INFO [data_loader:17] Parsing HPO ontology from d:\finalresearchproject\data\raw\hp.obo...
[2026-07-23 19:26:05] INFO [data_loader:43] Loaded 20413 HPO term definitions from ontology.
[2026-07-23 19:26:59] INFO [data_loader:17] Parsing HPO ontology from d:\finalresearchproject\data\raw\hp.obo...
[2026-07-23 19:27:00] INFO [data_loader:43] Loaded 20413 HPO term definitions from ontology.
[2026-07-23 19:32:32] INFO [data_loader:17] Parsing HPO ontology from d:\finalresearchproject\data\raw\hp.obo...
[2026-07-23 19:32:32] INFO [data_loader:43] Loaded 20413 HPO term definitions from ontology.
[2026-07-23 19:32:50] INFO [data_loader:17] Parsing HPO ontology from d:\finalresearchproject\data\raw\hp.obo...
[2026-07-23 19:32:51] INFO [data_loader:43] Loaded 20413 HPO term definitions from ontology.
[2026-07-23 19:32:53] INFO [data_loader:17] Parsing HPO ontology from d:\finalresearchproject\data\raw\hp.obo...
[2026-07-23 19:32:54] INFO [data_loader:43] Loaded 20413 HPO term definitions from ontology.
[2026-07-23 19:32:55] INFO [data_loader:17] Parsing HPO ontology from d:\finalresearchproject\data\raw\hp.obo...
[2026-07-23 19:32:56] INFO [data_loader:43] Loaded 20413 HPO term definitions from ontology.
[2026-07-23 19:35:50] INFO [data_loader:17] Parsing HPO ontology from d:\finalresearchproject\data\raw\hp.obo...
[2026-07-23 19:35:50] INFO [data_loader:43] Loaded 20413 HPO term definitions from ontology.
[2026-07-23 19:35:51] INFO [shap_explainer:96] Extracting local attention from TabNet...
[2026-07-23 19:35:51] INFO [shap_explainer:71] Computing global SHAP values for Random Forest...
[2026-07-23 19:36:18] INFO [data_loader:17] Parsing HPO ontology from d:\finalresearchproject\data\raw\hp.obo...
[2026-07-23 19:36:18] INFO [data_loader:43] Loaded 20413 HPO term definitions from ontology.
[2026-07-23 19:36:18] INFO [shap_explainer:96] Extracting local attention from TabNet...
[2026-07-23 19:36:18] INFO [shap_explainer:71] Computing global SHAP values for Random Forest...
[2026-07-23 19:36:22] INFO [data_loader:17] Parsing HPO ontology from d:\finalresearchproject\data\raw\hp.obo...
[2026-07-23 19:36:23] INFO [data_loader:43] Loaded 20413 HPO term definitions from ontology.
[2026-07-23 19:36:56] INFO [data_loader:17] Parsing HPO ontology from d:\finalresearchproject\data\raw\hp.obo...
[2026-07-23 19:36:56] INFO [data_loader:43] Loaded 20413 HPO term definitions from ontology.
[2026-07-23 19:36:56] INFO [shap_explainer:96] Extracting local attention from TabNet...
[2026-07-23 19:36:56] INFO [shap_explainer:71] Computing global SHAP values for Random Forest...
[2026-07-23 19:37:06] INFO [data_loader:17] Parsing HPO ontology from d:\finalresearchproject\data\raw\hp.obo...
[2026-07-23 19:37:07] INFO [data_loader:43] Loaded 20413 HPO term definitions from ontology.
[2026-07-23 19:37:10] INFO [data_loader:17] Parsing HPO ontology from d:\finalresearchproject\data\raw\hp.obo...
[2026-07-23 19:37:11] INFO [data_loader:43] Loaded 20413 HPO term definitions from ontology.
[2026-07-23 19:37:11] INFO [shap_explainer:96] Extracting local attention from TabNet...
[2026-07-23 19:37:11] INFO [shap_explainer:71] Computing global SHAP values for Random Forest...
[2026-07-23 19:37:37] INFO [data_loader:17] Parsing HPO ontology from d:\finalresearchproject\data\raw\hp.obo...
[2026-07-23 19:37:37] INFO [data_loader:43] Loaded 20413 HPO term definitions from ontology.
[2026-07-23 19:37:37] INFO [shap_explainer:96] Extracting local attention from TabNet...
[2026-07-23 19:37:37] INFO [shap_explainer:71] Computing global SHAP values for Random Forest...
[2026-07-23 19:37:44] INFO [data_loader:17] Parsing HPO ontology from d:\finalresearchproject\data\raw\hp.obo...
[2026-07-23 19:37:45] INFO [data_loader:43] Loaded 20413 HPO term definitions from ontology.
[2026-07-23 19:43:51] INFO [data_loader:17] Parsing HPO ontology from d:\finalresearchproject\data\raw\hp.obo...
[2026-07-23 19:43:51] INFO [data_loader:43] Loaded 20413 HPO term definitions from ontology.
[2026-07-23 19:43:52] INFO [shap_explainer:96] Extracting local attention from TabNet...
[2026-07-23 19:43:52] INFO [shap_explainer:71] Computing global SHAP values for Random Forest...
[2026-07-23 19:44:15] INFO [data_loader:17] Parsing HPO ontology from d:\finalresearchproject\data\raw\hp.obo...
[2026-07-23 19:44:15] INFO [data_loader:43] Loaded 20413 HPO term definitions from ontology.
[2026-07-23 19:44:16] INFO [shap_explainer:96] Extracting local attention from TabNet...
[2026-07-23 19:44:17] INFO [shap_explainer:71] Computing global SHAP values for Random Forest...
[2026-07-23 19:44:34] INFO [data_loader:17] Parsing HPO ontology from d:\finalresearchproject\data\raw\hp.obo...
[2026-07-23 19:44:34] INFO [data_loader:43] Loaded 20413 HPO term definitions from ontology.
[2026-07-23 19:44:34] INFO [shap_explainer:96] Extracting local attention from TabNet...
[2026-07-23 19:44:35] INFO [shap_explainer:71] Computing global SHAP values for Random Forest...
[2026-07-23 19:44:44] INFO [data_loader:17] Parsing HPO ontology from d:\finalresearchproject\data\raw\hp.obo...
[2026-07-23 19:44:45] INFO [data_loader:43] Loaded 20413 HPO term definitions from ontology.
[2026-07-23 19:45:50] INFO [data_loader:17] Parsing HPO ontology from d:\finalresearchproject\data\raw\hp.obo...
[2026-07-23 19:45:51] INFO [data_loader:43] Loaded 20413 HPO term definitions from ontology.
[2026-07-24 13:54:04] INFO [data_loader:17] Parsing HPO ontology from d:\finalresearchproject\data\raw\hp.obo...
[2026-07-24 13:54:04] INFO [data_loader:43] Loaded 20413 HPO term definitions from ontology.
[2026-07-24 13:54:04] INFO [random_forest:73] Loading Random Forest model from d:\finalresearchproject\models\rf_model.joblib...
[2026-07-24 13:54:04] INFO [random_forest:80] Model loaded successfully.
[2026-07-24 13:54:04] INFO [tabnet:346] Loading TabNet model weights from d:\finalresearchproject\models\tabnet_model.pt...
[2026-07-24 13:54:04] INFO [tabnet:367] TabNet model weights loaded successfully.
[2026-07-24 13:59:50] INFO [random_forest:73] Loading Random Forest model from d:\finalresearchproject\models\rf_model.joblib...
[2026-07-24 13:59:50] INFO [random_forest:80] Model loaded successfully.
[2026-07-24 13:59:50] INFO [tabnet:346] Loading TabNet model weights from d:\finalresearchproject\models\tabnet_model.pt...
[2026-07-24 13:59:50] INFO [tabnet:367] TabNet model weights loaded successfully.
[2026-07-24 13:59:50] INFO [shap_explainer:22] Initializing SHAP TreeExplainer for Random Forest...
[2026-07-24 13:59:50] INFO [shap_explainer:26] Random Forest TreeExplainer initialized successfully.
[2026-07-24 13:59:50] INFO [data_loader:17] Parsing HPO ontology from d:\finalresearchproject\data\raw\hp.obo...
[2026-07-24 13:59:51] INFO [data_loader:43] Loaded 20413 HPO term definitions from ontology.
[2026-07-24 13:59:51] INFO [shap_explainer:96] Extracting local attention from TabNet...
[2026-07-24 13:59:51] INFO [shap_explainer:71] Computing global SHAP values for Random Forest...
[2026-07-24 14:00:00] INFO [data_loader:17] Parsing HPO ontology from d:\finalresearchproject\data\raw\hp.obo...
[2026-07-24 14:00:01] INFO [data_loader:43] Loaded 20413 HPO term definitions from ontology.
[2026-07-24 14:00:01] INFO [shap_explainer:96] Extracting local attention from TabNet...
[2026-07-24 14:00:01] INFO [shap_explainer:71] Computing global SHAP values for Random Forest...
[2026-07-24 14:04:15] INFO [data_loader:17] Parsing HPO ontology from d:\finalresearchproject\data\raw\hp.obo...
[2026-07-24 14:04:15] INFO [data_loader:43] Loaded 20413 HPO term definitions from ontology.
[2026-07-24 14:04:15] INFO [shap_explainer:96] Extracting local attention from TabNet...
[2026-07-24 14:04:15] INFO [shap_explainer:71] Computing global SHAP values for Random Forest...
[2026-07-24 14:18:44] INFO [data_loader:17] Parsing HPO ontology from d:\finalresearchproject\data\raw\hp.obo...
[2026-07-24 14:18:44] INFO [data_loader:43] Loaded 20413 HPO term definitions from ontology.
[2026-07-24 14:18:45] INFO [shap_explainer:96] Extracting local attention from TabNet...
[2026-07-24 14:18:45] INFO [shap_explainer:71] Computing global SHAP values for Random Forest...
[2026-07-24 14:57:14] INFO [data_loader:17] Parsing HPO ontology from d:\finalresearchproject\data\raw\hp.obo...
[2026-07-24 14:57:14] INFO [data_loader:43] Loaded 20413 HPO term definitions from ontology.
[2026-07-24 14:57:15] INFO [shap_explainer:96] Extracting local attention from TabNet...
[2026-07-24 14:57:15] INFO [shap_explainer:71] Computing global SHAP values for Random Forest...
[2026-07-26 16:15:16] INFO [data_loader:17] Parsing HPO ontology from d:\finalresearchproject\data\raw\hp.obo...
[2026-07-26 16:15:17] INFO [data_loader:43] Loaded 20413 HPO term definitions from ontology.
[2026-07-26 16:15:17] INFO [random_forest:73] Loading Random Forest model from d:\finalresearchproject\models\rf_model.joblib...
[2026-07-26 16:15:17] INFO [random_forest:80] Model loaded successfully.
[2026-07-26 16:15:17] INFO [tabnet:346] Loading TabNet model weights from d:\finalresearchproject\models\tabnet_model.pt...
[2026-07-26 16:15:18] INFO [tabnet:367] TabNet model weights loaded successfully.
[2026-07-26 16:15:36] INFO [random_forest:73] Loading Random Forest model from d:\finalresearchproject\models\rf_model.joblib...
[2026-07-26 16:15:36] INFO [random_forest:80] Model loaded successfully.
[2026-07-26 16:15:36] INFO [tabnet:346] Loading TabNet model weights from d:\finalresearchproject\models\tabnet_model.pt...
[2026-07-26 16:15:36] INFO [tabnet:367] TabNet model weights loaded successfully.
[2026-07-26 16:15:36] INFO [shap_explainer:22] Initializing SHAP TreeExplainer for Random Forest...
[2026-07-26 16:15:36] INFO [shap_explainer:26] Random Forest TreeExplainer initialized successfully.
[2026-07-26 16:15:36] INFO [data_loader:17] Parsing HPO ontology from d:\finalresearchproject\data\raw\hp.obo...
[2026-07-26 16:15:36] INFO [data_loader:43] Loaded 20413 HPO term definitions from ontology.
[2026-07-26 16:15:37] INFO [shap_explainer:96] Extracting local attention from TabNet...
[2026-07-26 16:15:37] INFO [shap_explainer:71] Computing global SHAP values for Random Forest...
[2026-07-26 16:15:42] INFO [data_loader:17] Parsing HPO ontology from d:\finalresearchproject\data\raw\hp.obo...
[2026-07-26 16:15:43] INFO [data_loader:43] Loaded 20413 HPO term definitions from ontology.
[2026-07-26 16:15:43] INFO [shap_explainer:96] Extracting local attention from TabNet...
[2026-07-26 16:15:43] INFO [shap_explainer:71] Computing global SHAP values for Random Forest...
[2026-07-26 16:17:41] INFO [data_loader:17] Parsing HPO ontology from d:\finalresearchproject\data\raw\hp.obo...
[2026-07-26 16:17:42] INFO [data_loader:43] Loaded 20413 HPO term definitions from ontology.
[2026-07-26 16:17:42] INFO [shap_explainer:96] Extracting local attention from TabNet...
[2026-07-26 16:17:42] INFO [shap_explainer:71] Computing global SHAP values for Random Forest...
[2026-07-26 16:22:35] INFO [data_loader:17] Parsing HPO ontology from d:\finalresearchproject\data\raw\hp.obo...
[2026-07-26 16:22:35] INFO [data_loader:43] Loaded 20413 HPO term definitions from ontology.
[2026-07-26 16:24:52] INFO [data_loader:17] Parsing HPO ontology from d:\finalresearchproject\data\raw\hp.obo...
[2026-07-26 16:24:53] INFO [data_loader:43] Loaded 20413 HPO term definitions from ontology.
[2026-07-26 16:29:01] INFO [data_loader:17] Parsing HPO ontology from d:\finalresearchproject\data\raw\hp.obo...
[2026-07-26 16:29:02] INFO [data_loader:43] Loaded 20413 HPO term definitions from ontology.
[2026-07-26 16:29:02] INFO [shap_explainer:96] Extracting local attention from TabNet...
[2026-07-26 16:29:02] INFO [shap_explainer:71] Computing global SHAP values for Random Forest...
[2026-07-26 16:35:31] INFO [ocr_helper:17] Initializing EasyOCR Reader...
[2026-07-26 16:40:42] INFO [ocr_helper:17] Initializing EasyOCR Reader...
[2026-07-26 16:49:41] INFO [data_loader:17] Parsing HPO ontology from d:\finalresearchproject\data\raw\hp.obo...
[2026-07-26 16:49:41] INFO [data_loader:43] Loaded 20413 HPO term definitions from ontology.
[2026-07-26 16:49:51] INFO [data_loader:17] Parsing HPO ontology from d:\finalresearchproject\data\raw\hp.obo...
[2026-07-26 16:49:51] INFO [data_loader:43] Loaded 20413 HPO term definitions from ontology.
[2026-07-26 16:50:00] INFO [data_loader:17] Parsing HPO ontology from d:\finalresearchproject\data\raw\hp.obo...
[2026-07-26 16:50:00] INFO [data_loader:43] Loaded 20413 HPO term definitions from ontology.
[2026-07-26 16:50:47] INFO [data_loader:17] Parsing HPO ontology from d:\finalresearchproject\data\raw\hp.obo...
[2026-07-26 16:50:47] INFO [data_loader:43] Loaded 20413 HPO term definitions from ontology.
[2026-07-26 16:52:48] INFO [ocr_helper:26] Initializing EasyOCR Reader (verbose=False)...
[2026-07-26 17:11:17] INFO [ocr_helper:26] Initializing EasyOCR Reader (verbose=False)...
[2026-07-26 17:16:23] INFO [ocr_helper:26] Initializing EasyOCR Reader (verbose=False)...
[2026-07-26 17:22:01] INFO [ocr_helper:26] Initializing EasyOCR Reader (verbose=False)...
[2026-07-27 19:03:40] INFO [random_forest:73] Loading Random Forest model from d:\finalresearchproject\models\rf_model.joblib...
[2026-07-27 19:03:40] INFO [random_forest:80] Model loaded successfully.
[2026-07-27 19:03:40] INFO [tabnet:346] Loading TabNet model weights from d:\finalresearchproject\models\tabnet_model.pt...
[2026-07-27 19:03:41] INFO [tabnet:367] TabNet model weights loaded successfully.
[2026-07-27 19:04:10] INFO [data_loader:17] Parsing HPO ontology from d:\finalresearchproject\data\raw\hp.obo...
[2026-07-27 19:04:10] INFO [data_loader:43] Loaded 20413 HPO term definitions from ontology.
[2026-07-27 19:04:10] INFO [random_forest:73] Loading Random Forest model from d:\finalresearchproject\models\rf_model.joblib...
[2026-07-27 19:04:10] INFO [random_forest:80] Model loaded successfully.
[2026-07-27 19:04:36] INFO [data_loader:17] Parsing HPO ontology from d:\finalresearchproject\data\raw\hp.obo...
[2026-07-27 19:04:36] INFO [data_loader:43] Loaded 20413 HPO term definitions from ontology.
[2026-07-27 19:09:46] INFO [data_loader:17] Parsing HPO ontology from d:\finalresearchproject\data\raw\hp.obo...
[2026-07-27 19:09:46] INFO [data_loader:43] Loaded 20413 HPO term definitions from ontology.
[2026-07-27 19:09:46] INFO [random_forest:73] Loading Random Forest model from d:\finalresearchproject\models\rf_model.joblib...
[2026-07-27 19:09:46] INFO [random_forest:80] Model loaded successfully.
[2026-07-27 19:09:46] INFO [ocr_helper:370] Running phrase-based extraction...
[2026-07-27 19:09:50] INFO [ocr_helper:370] Running phrase-based extraction...
[2026-07-27 19:09:52] INFO [ocr_helper:370] Running phrase-based extraction...
[2026-07-27 19:24:28] INFO [data_loader:17] Parsing HPO ontology from d:\finalresearchproject\data\raw\hp.obo...
[2026-07-27 19:24:29] INFO [data_loader:43] Loaded 20413 HPO term definitions from ontology.
[2026-07-27 19:24:29] INFO [data_loader:17] Parsing HPO ontology from d:\finalresearchproject\data\raw\hp.obo...
[2026-07-27 19:24:29] INFO [data_loader:43] Loaded 20413 HPO term definitions from ontology.
[2026-07-27 19:24:29] INFO [random_forest:73] Loading Random Forest model from d:\finalresearchproject\models\rf_model.joblib...
[2026-07-27 19:24:30] INFO [random_forest:80] Model loaded successfully.
[2026-07-27 19:24:30] INFO [tabnet:346] Loading TabNet model weights from d:\finalresearchproject\models\tabnet_model.pt...
[2026-07-27 19:24:30] INFO [tabnet:367] TabNet model weights loaded successfully.
[2026-07-27 19:24:55] INFO [ocr_helper:26] Initializing EasyOCR Reader (verbose=False)...
[2026-07-27 19:25:00] INFO [ocr_helper:26] Initializing EasyOCR Reader (verbose=False)...
[2026-07-27 19:25:50] INFO [ocr_helper:370] Running phrase-based extraction...
[2026-07-27 19:27:03] INFO [ocr_helper:370] Running phrase-based extraction...
[2026-07-27 19:27:49] INFO [ocr_helper:370] Running phrase-based extraction...
[2026-07-27 19:28:29] INFO [ocr_helper:370] Running phrase-based extraction...
[2026-07-27 22:09:20] INFO [ocr_helper:370] Running phrase-based extraction...
[2026-07-27 22:10:37] INFO [ocr_helper:370] Running phrase-based extraction...
[2026-07-27 22:21:19] INFO [data_loader:17] Parsing HPO ontology from d:\finalresearchproject\data\raw\hp.obo...
[2026-07-27 22:21:19] INFO [data_loader:43] Loaded 20413 HPO term definitions from ontology.
[2026-07-27 22:21:19] INFO [random_forest:73] Loading Random Forest model from d:\finalresearchproject\models\rf_model.joblib...
[2026-07-27 22:21:19] INFO [random_forest:80] Model loaded successfully.
[2026-07-27 22:21:20] INFO [ocr_helper:670] Running Advanced Medical NLP OCR extraction...
[2026-07-27 22:21:20] INFO [ocr_helper:670] Running Advanced Medical NLP OCR extraction...
[2026-07-27 22:21:21] INFO [ocr_helper:670] Running Advanced Medical NLP OCR extraction...
[2026-07-27 22:21:21] INFO [ocr_helper:670] Running Advanced Medical NLP OCR extraction...
[2026-07-27 22:26:40] INFO [data_loader:17] Parsing HPO ontology from d:\finalresearchproject\data\raw\hp.obo...
[2026-07-27 22:26:41] INFO [data_loader:43] Loaded 20413 HPO term definitions from ontology.
[2026-07-27 22:26:41] INFO [data_loader:17] Parsing HPO ontology from d:\finalresearchproject\data\raw\hp.obo...
[2026-07-27 22:26:41] INFO [data_loader:43] Loaded 20413 HPO term definitions from ontology.
[2026-07-27 22:26:41] INFO [random_forest:73] Loading Random Forest model from d:\finalresearchproject\models\rf_model.joblib...
[2026-07-27 22:26:41] INFO [random_forest:80] Model loaded successfully.
[2026-07-27 22:26:41] INFO [tabnet:346] Loading TabNet model weights from d:\finalresearchproject\models\tabnet_model.pt...
[2026-07-27 22:26:41] INFO [tabnet:367] TabNet model weights loaded successfully.
[2026-07-27 22:27:28] INFO [ocr_helper:26] Initializing EasyOCR Reader (verbose=False)...
[2026-07-27 22:27:45] INFO [ocr_helper:670] Running Advanced Medical NLP OCR extraction...
[2026-07-27 22:34:20] INFO [ocr_helper:670] Running Advanced Medical NLP OCR extraction...
[2026-07-27 22:36:44] INFO [ocr_helper:670] Running Advanced Medical NLP OCR extraction...
[2026-07-28 11:52:49] INFO [data_loader:17] Parsing HPO ontology from d:\finalresearchproject\data\raw\hp.obo...
[2026-07-28 11:52:49] INFO [data_loader:43] Loaded 20413 HPO term definitions from ontology.
[2026-07-28 11:52:49] INFO [data_loader:17] Parsing HPO ontology from d:\finalresearchproject\data\raw\hp.obo...
[2026-07-28 11:52:49] INFO [data_loader:43] Loaded 20413 HPO term definitions from ontology.
[2026-07-28 11:52:49] INFO [random_forest:73] Loading Random Forest model from d:\finalresearchproject\models\rf_model.joblib...
[2026-07-28 11:52:49] INFO [random_forest:80] Model loaded successfully.
[2026-07-28 11:52:49] INFO [tabnet:346] Loading TabNet model weights from d:\finalresearchproject\models\tabnet_model.pt...
[2026-07-28 11:52:49] INFO [tabnet:367] TabNet model weights loaded successfully.
[2026-07-28 11:54:29] INFO [ocr_helper:26] Initializing EasyOCR Reader (verbose=False)...
[2026-07-28 11:54:46] INFO [ocr_helper:670] Running Advanced Medical NLP OCR extraction...
[2026-07-28 11:56:42] INFO [random_forest:73] Loading Random Forest model from d:\finalresearchproject\models\rf_model.joblib...
[2026-07-28 11:56:42] INFO [random_forest:80] Model loaded successfully.
[2026-07-28 11:56:42] INFO [tabnet:346] Loading TabNet model weights from d:\finalresearchproject\models\tabnet_model.pt...
[2026-07-28 11:56:42] INFO [tabnet:367] TabNet model weights loaded successfully.
[2026-07-28 11:56:42] INFO [shap_explainer:22] Initializing SHAP TreeExplainer for Random Forest...
[2026-07-28 11:56:42] INFO [shap_explainer:26] Random Forest TreeExplainer initialized successfully.
[2026-07-28 11:56:42] INFO [data_loader:17] Parsing HPO ontology from d:\finalresearchproject\data\raw\hp.obo...
[2026-07-28 11:56:42] INFO [data_loader:43] Loaded 20413 HPO term definitions from ontology.
[2026-07-28 11:56:43] INFO [shap_explainer:96] Extracting local attention from TabNet...
[2026-07-28 11:56:43] INFO [shap_explainer:71] Computing global SHAP values for Random Forest...
[2026-07-28 12:07:23] INFO [ocr_helper:670] Running Advanced Medical NLP OCR extraction...
[2026-07-28 12:08:08] INFO [ocr_helper:670] Running Advanced Medical NLP OCR extraction...
[2026-07-30 15:55:41] INFO [data_loader:17] Parsing HPO ontology from d:\finalresearchproject\data\raw\hp.obo...
[2026-07-30 15:55:42] INFO [data_loader:43] Loaded 20413 HPO term definitions from ontology.
[2026-07-30 15:55:42] INFO [random_forest:73] Loading Random Forest model from d:\finalresearchproject\models\rf_model.joblib...
[2026-07-30 15:55:43] INFO [random_forest:80] Model loaded successfully.
[2026-07-30 15:55:43] INFO [tabnet:346] Loading TabNet model weights from d:\finalresearchproject\models\tabnet_model.pt...
[2026-07-30 15:55:43] INFO [tabnet:367] TabNet model weights loaded successfully.
[2026-07-30 15:57:17] INFO [data_loader:17] Parsing HPO ontology from d:\finalresearchproject\data\raw\hp.obo...
[2026-07-30 15:57:17] INFO [data_loader:43] Loaded 20413 HPO term definitions from ontology.
[2026-07-30 15:57:31] INFO [ocr_helper:26] Initializing EasyOCR Reader (verbose=False)...
[2026-07-30 15:57:46] INFO [ocr_helper:670] Running Advanced Medical NLP OCR extraction...
[2026-08-05 13:49:07] INFO [data_loader:17] Parsing HPO ontology from d:\finalresearchproject\data\raw\hp.obo...
[2026-08-05 13:49:07] INFO [data_loader:43] Loaded 20413 HPO term definitions from ontology.
[2026-08-05 13:49:07] INFO [random_forest:73] Loading Random Forest model from d:\finalresearchproject\models\rf_model.joblib...
[2026-08-05 13:49:07] INFO [random_forest:80] Model loaded successfully.
[2026-08-05 13:49:07] INFO [tabnet:346] Loading TabNet model weights from d:\finalresearchproject\models\tabnet_model.pt...
[2026-08-05 13:49:07] INFO [tabnet:367] TabNet model weights loaded successfully.
[2026-08-05 13:49:21] INFO [data_loader:17] Parsing HPO ontology from d:\finalresearchproject\data\raw\hp.obo...
[2026-08-05 13:49:22] INFO [data_loader:43] Loaded 20413 HPO term definitions from ontology.
[2026-08-05 14:17:38] INFO [train_ocr:173] Loading OCR datasets...
[2026-08-05 14:17:38] WARNING [train_ocr:146] Kaggle prescription dataset not found or empty. Generating synthetic fallback data for demonstration...
[2026-08-05 14:17:38] INFO [train_ocr:175] Splits summary - Train: 350, Val: 75, Test: 75
[2026-08-05 14:17:38] INFO [train_ocr:186] Saved OCR splits registry to d:\finalresearchproject\models\custom_ocr\ocr_splits_registry.json
[2026-08-05 14:17:40] INFO [train_ocr:202] Starting OCR model training/fine-tuning for 5 epochs...
[2026-08-05 14:18:14] INFO [train_ocr:173] Loading OCR datasets...
[2026-08-05 14:18:14] WARNING [train_ocr:146] Kaggle prescription dataset not found or empty. Generating synthetic fallback data for demonstration...
[2026-08-05 14:18:14] INFO [train_ocr:175] Splits summary - Train: 350, Val: 75, Test: 75
[2026-08-05 14:18:14] INFO [train_ocr:186] Saved OCR splits registry to d:\finalresearchproject\models\custom_ocr\ocr_splits_registry.json
[2026-08-05 14:18:18] INFO [train_ocr:202] Starting OCR model training/fine-tuning for 5 epochs...
[2026-08-05 14:18:49] INFO [train_ocr:173] Loading OCR datasets...
[2026-08-05 14:18:49] WARNING [train_ocr:146] Kaggle prescription dataset not found or empty. Generating synthetic fallback data for demonstration...
[2026-08-05 14:18:49] INFO [train_ocr:175] Splits summary - Train: 350, Val: 75, Test: 75
[2026-08-05 14:18:49] INFO [train_ocr:186] Saved OCR splits registry to d:\finalresearchproject\models\custom_ocr\ocr_splits_registry.json
[2026-08-05 14:18:53] INFO [train_ocr:202] Starting OCR model training/fine-tuning for 5 epochs...
[2026-08-05 14:19:09] INFO [train_ocr:235] Epoch 1/5 | Train Loss: 0.3696 | Val Loss: 5.3895
[2026-08-05 14:19:09] INFO [train_ocr:241] Saved best checkpoint to best_ocr_model.pt
[2026-08-05 14:19:24] INFO [train_ocr:235] Epoch 2/5 | Train Loss: 4.0868 | Val Loss: 1.4106
[2026-08-05 14:19:24] INFO [train_ocr:241] Saved best checkpoint to best_ocr_model.pt
[2026-08-05 14:19:40] INFO [train_ocr:235] Epoch 3/5 | Train Loss: 2.8198 | Val Loss: 4.7276
[2026-08-05 14:19:54] INFO [train_ocr:235] Epoch 4/5 | Train Loss: 4.1900 | Val Loss: 3.2225
[2026-08-05 14:20:15] INFO [train_ocr:235] Epoch 5/5 | Train Loss: 3.4293 | Val Loss: 3.9192
[2026-08-05 14:20:42] INFO [evaluate_ocr:89] Evaluating 75 test samples...
[2026-08-05 14:20:42] INFO [evaluate_ocr:96] Loaded custom fine-tuned OCR model checkpoint.
[2026-08-05 14:20:45] INFO [evaluate_ocr:152] === OCR PERFORMANCE COMPARISON ===
[2026-08-05 14:20:45] INFO [evaluate_ocr:153] Baseline EasyOCR -> CER: 0.1142 | WER: 0.9200
[2026-08-05 14:20:45] INFO [evaluate_ocr:154] Custom Fine-tuned -> CER: 1.0000 | WER: 1.0000
[2026-08-05 14:20:45] INFO [evaluate_ocr:174] Saved evaluation metrics to d:\finalresearchproject\reports\ocr_evaluation_metrics.json
[2026-08-05 14:21:29] INFO [data_loader:17] Parsing HPO ontology from d:\finalresearchproject\data\raw\hp.obo...
[2026-08-05 14:21:29] INFO [data_loader:43] Loaded 20413 HPO term definitions from ontology.
[2026-08-05 14:21:29] INFO [evaluate_pipeline_error:64] Auditing pipeline: testing clean clinical statements (HPO Mapping capability)...
[2026-08-05 14:21:32] INFO [ocr_helper:670] Running Advanced Medical NLP OCR extraction...
[2026-08-05 14:21:36] INFO [ocr_helper:670] Running Advanced Medical NLP OCR extraction...
[2026-08-05 14:21:36] INFO [ocr_helper:670] Running Advanced Medical NLP OCR extraction...
[2026-08-05 14:21:36] INFO [ocr_helper:670] Running Advanced Medical NLP OCR extraction...
[2026-08-05 14:21:36] INFO [ocr_helper:670] Running Advanced Medical NLP OCR extraction...
[2026-08-05 14:21:36] INFO [ocr_helper:670] Running Advanced Medical NLP OCR extraction...
[2026-08-05 14:21:36] INFO [ocr_helper:670] Running Advanced Medical NLP OCR extraction...
[2026-08-05 14:21:37] INFO [ocr_helper:670] Running Advanced Medical NLP OCR extraction...
[2026-08-05 14:21:37] INFO [ocr_helper:670] Running Advanced Medical NLP OCR extraction...
[2026-08-05 14:21:37] INFO [ocr_helper:670] Running Advanced Medical NLP OCR extraction...
[2026-08-05 14:21:37] INFO [evaluate_pipeline_error:78] Auditing pipeline: testing noisy statements (OCR robustness)...
[2026-08-05 14:21:37] INFO [ocr_helper:670] Running Advanced Medical NLP OCR extraction...
[2026-08-05 14:21:37] INFO [ocr_helper:670] Running Advanced Medical NLP OCR extraction...
[2026-08-05 14:21:37] INFO [ocr_helper:670] Running Advanced Medical NLP OCR extraction...
[2026-08-05 14:21:38] INFO [ocr_helper:670] Running Advanced Medical NLP OCR extraction...
[2026-08-05 14:21:38] INFO [ocr_helper:670] Running Advanced Medical NLP OCR extraction...
[2026-08-05 14:21:38] INFO [ocr_helper:670] Running Advanced Medical NLP OCR extraction...
[2026-08-05 14:21:38] INFO [ocr_helper:670] Running Advanced Medical NLP OCR extraction...
[2026-08-05 14:21:39] INFO [ocr_helper:670] Running Advanced Medical NLP OCR extraction...
[2026-08-05 14:21:39] INFO [ocr_helper:670] Running Advanced Medical NLP OCR extraction...
[2026-08-05 14:21:40] INFO [ocr_helper:670] Running Advanced Medical NLP OCR extraction...
[2026-08-05 14:21:40] INFO [evaluate_pipeline_error:121] === PIPELINE ERROR AUDIT ===
[2026-08-05 14:21:40] INFO [evaluate_pipeline_error:122] HPO Dictionary Mapping Accuracy: 100.00%
[2026-08-05 14:21:40] INFO [evaluate_pipeline_error:123] OCR Typo Resilient NLP Accuracy: 80.00%
[2026-08-05 14:21:40] INFO [evaluate_pipeline_error:124] Errors due to HPO vocabulary gaps: 0
[2026-08-05 14:21:40] INFO [evaluate_pipeline_error:125] Errors due to OCR transcription noise: 2
[2026-08-05 14:21:40] INFO [evaluate_pipeline_error:126] Saved audit report to d:\finalresearchproject\reports\pipeline_error_audit.json
[2026-08-05 14:26:42] INFO [ocr_helper:26] Initializing EasyOCR Reader (verbose=False)...
[2026-08-05 14:27:25] INFO [ocr_helper:670] Running Advanced Medical NLP OCR extraction...
[2026-08-05 14:47:16] INFO [data_loader:17] Parsing HPO ontology from d:\finalresearchproject\data\raw\hp.obo...
[2026-08-05 14:47:16] INFO [data_loader:43] Loaded 20413 HPO term definitions from ontology.
[2026-08-05 14:47:16] INFO [data_loader:17] Parsing HPO ontology from d:\finalresearchproject\data\raw\hp.obo...
[2026-08-05 14:47:16] INFO [data_loader:43] Loaded 20413 HPO term definitions from ontology.
[2026-08-05 14:47:16] INFO [random_forest:73] Loading Random Forest model from d:\finalresearchproject\models\rf_model.joblib...
[2026-08-05 14:47:17] INFO [random_forest:80] Model loaded successfully.
[2026-08-05 14:47:17] INFO [tabnet:346] Loading TabNet model weights from d:\finalresearchproject\models\tabnet_model.pt...
[2026-08-05 14:47:17] INFO [tabnet:367] TabNet model weights loaded successfully.
[2026-08-05 14:49:41] INFO [ocr_helper:26] Initializing EasyOCR Reader (verbose=False)...
[2026-08-05 14:50:21] INFO [ocr_helper:670] Running Advanced Medical NLP OCR extraction...
[2026-08-05 14:52:18] INFO [ocr_helper:670] Running Advanced Medical NLP OCR extraction...
[2026-08-05 14:52:40] INFO [ocr_helper:670] Running Advanced Medical NLP OCR extraction...
[2026-08-05 14:53:54] INFO [ocr_helper:670] Running Advanced Medical NLP OCR extraction...
[2026-08-05 14:55:19] INFO [ocr_helper:670] Running Advanced Medical NLP OCR extraction...
[2026-08-06 12:37:54] INFO [data_loader:17] Parsing HPO ontology from d:\finalresearchproject\data\raw\hp.obo...
[2026-08-06 12:37:54] INFO [data_loader:43] Loaded 20413 HPO term definitions from ontology.
[2026-08-06 12:37:54] INFO [random_forest:73] Loading Random Forest model from d:\finalresearchproject\models\rf_model.joblib...
[2026-08-06 12:37:55] INFO [random_forest:80] Model loaded successfully.
[2026-08-06 12:37:55] INFO [tabnet:346] Loading TabNet model weights from d:\finalresearchproject\models\tabnet_model.pt...
[2026-08-06 12:37:55] INFO [tabnet:367] TabNet model weights loaded successfully.
[2026-08-06 12:38:19] INFO [random_forest:73] Loading Random Forest model from d:\finalresearchproject\models\rf_model.joblib...
[2026-08-06 12:38:19] INFO [random_forest:80] Model loaded successfully.
[2026-08-06 12:38:19] INFO [tabnet:346] Loading TabNet model weights from d:\finalresearchproject\models\tabnet_model.pt...
[2026-08-06 12:38:19] INFO [tabnet:367] TabNet model weights loaded successfully.
[2026-08-06 12:38:19] INFO [shap_explainer:22] Initializing SHAP TreeExplainer for Random Forest...
[2026-08-06 12:38:19] INFO [shap_explainer:26] Random Forest TreeExplainer initialized successfully.
[2026-08-06 12:38:19] INFO [data_loader:17] Parsing HPO ontology from d:\finalresearchproject\data\raw\hp.obo...
[2026-08-06 12:38:19] INFO [data_loader:43] Loaded 20413 HPO term definitions from ontology.
[2026-08-06 12:38:20] INFO [shap_explainer:96] Extracting local attention from TabNet...
[2026-08-06 12:38:20] INFO [shap_explainer:71] Computing global SHAP values for Random Forest...
[2026-08-06 12:41:13] INFO [data_loader:17] Parsing HPO ontology from d:\finalresearchproject\data\raw\hp.obo...
[2026-08-06 12:41:13] INFO [data_loader:43] Loaded 20413 HPO term definitions from ontology.
[2026-08-06 13:31:23] INFO [data_loader:17] Parsing HPO ontology from d:\finalresearchproject\data\raw\hp.obo...
[2026-08-06 13:31:23] INFO [data_loader:43] Loaded 20413 HPO term definitions from ontology.
[2026-08-06 13:31:23] INFO [data_loader:17] Parsing HPO ontology from d:\finalresearchproject\data\raw\hp.obo...
[2026-08-06 13:31:23] INFO [data_loader:43] Loaded 20413 HPO term definitions from ontology.
[2026-08-06 13:31:23] INFO [random_forest:73] Loading Random Forest model from d:\finalresearchproject\models\rf_model.joblib...
[2026-08-06 13:31:24] INFO [random_forest:80] Model loaded successfully.
[2026-08-06 13:31:24] INFO [tabnet:346] Loading TabNet model weights from d:\finalresearchproject\models\tabnet_model.pt...
[2026-08-06 13:31:24] INFO [tabnet:367] TabNet model weights loaded successfully.
[2026-08-06 13:33:32] INFO [random_forest:73] Loading Random Forest model from d:\finalresearchproject\models\rf_model.joblib...
[2026-08-06 13:33:32] INFO [random_forest:80] Model loaded successfully.
[2026-08-06 13:33:32] INFO [tabnet:346] Loading TabNet model weights from d:\finalresearchproject\models\tabnet_model.pt...
[2026-08-06 13:33:32] INFO [tabnet:367] TabNet model weights loaded successfully.
[2026-08-06 13:33:32] INFO [shap_explainer:22] Initializing SHAP TreeExplainer for Random Forest...
[2026-08-06 13:33:33] INFO [shap_explainer:26] Random Forest TreeExplainer initialized successfully.
[2026-08-06 13:33:33] INFO [data_loader:17] Parsing HPO ontology from d:\finalresearchproject\data\raw\hp.obo...
[2026-08-06 13:33:33] INFO [data_loader:43] Loaded 20413 HPO term definitions from ontology.
[2026-08-06 13:33:33] INFO [shap_explainer:96] Extracting local attention from TabNet...
[2026-08-06 13:33:34] INFO [shap_explainer:71] Computing global SHAP values for Random Forest...
[2026-08-06 13:34:53] INFO [data_loader:17] Parsing HPO ontology from d:\finalresearchproject\data\raw\hp.obo...
[2026-08-06 13:34:53] INFO [data_loader:43] Loaded 20413 HPO term definitions from ontology.
[2026-08-06 13:34:53] INFO [shap_explainer:96] Extracting local attention from TabNet...
[2026-08-06 13:34:53] INFO [shap_explainer:71] Computing global SHAP values for Random Forest...
[2026-08-06 13:35:28] INFO [data_loader:17] Parsing HPO ontology from d:\finalresearchproject\data\raw\hp.obo...
[2026-08-06 13:35:28] INFO [data_loader:43] Loaded 20413 HPO term definitions from ontology.
[2026-08-06 13:35:29] INFO [shap_explainer:96] Extracting local attention from TabNet...
[2026-08-06 13:35:29] INFO [shap_explainer:71] Computing global SHAP values for Random Forest...
[2026-08-07 13:38:39] INFO [data_loader:17] Parsing HPO ontology from d:\finalresearchproject\data\raw\hp.obo...
[2026-08-07 13:38:39] INFO [data_loader:43] Loaded 20413 HPO term definitions from ontology.
[2026-08-07 13:38:39] INFO [random_forest:73] Loading Random Forest model from d:\finalresearchproject\models\rf_model.joblib...
[2026-08-07 13:38:40] INFO [random_forest:80] Model loaded successfully.
[2026-08-07 13:38:40] INFO [tabnet:346] Loading TabNet model weights from d:\finalresearchproject\models\tabnet_model.pt...
[2026-08-07 13:38:40] INFO [tabnet:367] TabNet model weights loaded successfully.
[2026-08-07 13:39:54] INFO [data_loader:17] Parsing HPO ontology from d:\finalresearchproject\data\raw\hp.obo...
[2026-08-07 13:39:54] INFO [data_loader:43] Loaded 20413 HPO term definitions from ontology.
[2026-08-07 13:40:50] INFO [ocr_helper:26] Initializing EasyOCR Reader (verbose=False)...
[2026-08-07 13:41:25] INFO [ocr_helper:670] Running Advanced Medical NLP OCR extraction...
[2026-08-07 13:42:24] INFO [ocr_helper:670] Running Advanced Medical NLP OCR extraction...
[2026-08-07 13:51:02] INFO [ocr_helper:670] Running Advanced Medical NLP OCR extraction...
[2026-08-07 13:58:05] INFO [random_forest:73] Loading Random Forest model from d:\finalresearchproject\models\rf_model.joblib...
[2026-08-07 13:58:06] INFO [random_forest:80] Model loaded successfully.
[2026-08-07 13:58:06] INFO [tabnet:346] Loading TabNet model weights from d:\finalresearchproject\models\tabnet_model.pt...
[2026-08-07 13:58:06] INFO [tabnet:367] TabNet model weights loaded successfully.
[2026-08-07 13:58:06] INFO [shap_explainer:22] Initializing SHAP TreeExplainer for Random Forest...
[2026-08-07 13:58:06] INFO [shap_explainer:26] Random Forest TreeExplainer initialized successfully.
[2026-08-07 13:58:06] INFO [data_loader:17] Parsing HPO ontology from d:\finalresearchproject\data\raw\hp.obo...
[2026-08-07 13:58:07] INFO [data_loader:43] Loaded 20413 HPO term definitions from ontology.
[2026-08-07 13:58:07] INFO [shap_explainer:96] Extracting local attention from TabNet...
[2026-08-07 13:58:07] INFO [shap_explainer:71] Computing global SHAP values for Random Forest...
[2026-08-07 14:32:42] INFO [data_loader:17] Parsing HPO ontology from d:\finalresearchproject\data\raw\hp.obo...
[2026-08-07 14:32:42] INFO [data_loader:43] Loaded 20413 HPO term definitions from ontology.
[2026-08-07 14:32:42] INFO [shap_explainer:96] Extracting local attention from TabNet...
[2026-08-07 14:32:43] INFO [shap_explainer:71] Computing global SHAP values for Random Forest...
[2026-08-07 15:08:08] INFO [data_loader:17] Parsing HPO ontology from d:\finalresearchproject\data\raw\hp.obo...
[2026-08-07 15:08:08] INFO [data_loader:43] Loaded 20413 HPO term definitions from ontology.
[2026-08-07 15:08:08] INFO [random_forest:73] Loading Random Forest model from d:\finalresearchproject\models\rf_model.joblib...
[2026-08-07 15:08:08] INFO [random_forest:80] Model loaded successfully.
[2026-08-07 15:08:08] INFO [tabnet:346] Loading TabNet model weights from d:\finalresearchproject\models\tabnet_model.pt...
[2026-08-07 15:08:08] INFO [tabnet:367] TabNet model weights loaded successfully.
[2026-08-07 15:08:45] INFO [data_loader:17] Parsing HPO ontology from d:\finalresearchproject\data\raw\hp.obo...
[2026-08-07 15:08:45] INFO [data_loader:43] Loaded 20413 HPO term definitions from ontology.
[2026-08-07 15:09:00] INFO [ocr_helper:26] Initializing EasyOCR Reader (verbose=False)...
[2026-08-07 15:11:59] INFO [random_forest:73] Loading Random Forest model from d:\finalresearchproject\models\rf_model.joblib...
[2026-08-07 15:12:06] INFO [random_forest:80] Model loaded successfully.
[2026-08-07 15:12:06] INFO [tabnet:346] Loading TabNet model weights from d:\finalresearchproject\models\tabnet_model.pt...
[2026-08-07 15:12:10] INFO [tabnet:367] TabNet model weights loaded successfully.
[2026-08-07 15:12:10] INFO [shap_explainer:22] Initializing SHAP TreeExplainer for Random Forest...
[2026-08-07 15:12:10] INFO [shap_explainer:26] Random Forest TreeExplainer initialized successfully.
[2026-08-07 15:21:55] INFO [ocr_helper:670] Running Advanced Medical NLP OCR extraction...
[2026-08-07 15:22:45] INFO [ocr_helper:670] Running Advanced Medical NLP OCR extraction...
[2026-08-07 15:23:17] INFO [ocr_helper:670] Running Advanced Medical NLP OCR extraction...
[2026-08-07 15:35:08] INFO [data_loader:17] Parsing HPO ontology from d:\finalresearchproject\data\raw\hp.obo...
[2026-08-07 15:35:08] INFO [data_loader:43] Loaded 20413 HPO term definitions from ontology.
[2026-08-07 15:35:11] INFO [data_loader:17] Parsing HPO ontology from d:\finalresearchproject\data\raw\hp.obo...
[2026-08-07 15:35:12] INFO [data_loader:43] Loaded 20413 HPO term definitions from ontology.
[2026-08-07 15:35:12] INFO [shap_explainer:96] Extracting local attention from TabNet...
[2026-08-07 15:35:13] INFO [shap_explainer:71] Computing global SHAP values for Random Forest...
[2026-08-07 15:35:29] INFO [data_loader:17] Parsing HPO ontology from d:\finalresearchproject\data\raw\hp.obo...
[2026-08-07 15:35:29] INFO [data_loader:43] Loaded 20413 HPO term definitions from ontology.
[2026-08-12 11:32:08] INFO [data_loader:17] Parsing HPO ontology from d:\finalresearchproject\data\raw\hp.obo...
[2026-08-12 11:32:08] INFO [data_loader:43] Loaded 20413 HPO term definitions from ontology.
[2026-08-12 11:32:08] INFO [random_forest:73] Loading Random Forest model from d:\finalresearchproject\models\rf_model.joblib...
[2026-08-12 11:32:09] INFO [random_forest:80] Model loaded successfully.
[2026-08-12 11:32:09] INFO [tabnet:346] Loading TabNet model weights from d:\finalresearchproject\models\tabnet_model.pt...
[2026-08-12 11:32:09] INFO [tabnet:367] TabNet model weights loaded successfully.
[2026-08-13 09:13:35] INFO [verify_scientific:22] Running train-val-test data leakage verification...
[2026-08-13 09:13:35] INFO [verify_scientific:33] Unique profile counts - Train: 420, Val: 90, Test: 90
[2026-08-13 09:13:35] INFO [verify_scientific:34] Symptom profile overlaps - Train-Val: 0, Train-Test: 0, Val-Test: 0
[2026-08-13 09:13:35] INFO [verify_scientific:56] Running 5-fold Stratified Cross-Validation on Random Forest...
[2026-08-13 09:13:36] INFO [verify_scientific:94] Optimizing and retraining TabNet...
[2026-08-13 09:14:31] INFO [verify_scientific:175] Early stopping triggered at epoch 71
[2026-08-13 09:14:31] INFO [random_forest:73] Loading Random Forest model from d:\finalresearchproject\models\rf_model.joblib...
[2026-08-13 09:14:31] INFO [random_forest:80] Model loaded successfully.
[2026-08-13 09:14:31] INFO [shap_explainer:22] Initializing SHAP TreeExplainer for Random Forest...
[2026-08-13 09:14:31] INFO [shap_explainer:26] Random Forest TreeExplainer initialized successfully.
[2026-08-13 09:14:31] INFO [shap_explainer:71] Computing global SHAP values for Random Forest...
[2026-08-13 09:14:34] INFO [verify_scientific:264] Scientific verification run complete. Saved metadata to d:\finalresearchproject\reports\scientific_validation_results.json
[2026-08-13 09:17:25] INFO [data_loader:17] Parsing HPO ontology from d:\finalresearchproject\data\raw\hp.obo...
[2026-08-13 09:17:25] INFO [data_loader:43] Loaded 20413 HPO term definitions from ontology.
[2026-08-13 09:17:25] INFO [random_forest:73] Loading Random Forest model from d:\finalresearchproject\models\rf_model.joblib...
[2026-08-13 09:17:25] INFO [random_forest:80] Model loaded successfully.
[2026-08-13 09:17:25] INFO [tabnet:346] Loading TabNet model weights from d:\finalresearchproject\models\tabnet_model.pt...
[2026-08-13 09:17:25] INFO [tabnet:367] TabNet model weights loaded successfully.
[2026-08-13 09:17:31] INFO [data_loader:17] Parsing HPO ontology from d:\finalresearchproject\data\raw\hp.obo...
[2026-08-13 09:17:31] INFO [data_loader:43] Loaded 20413 HPO term definitions from ontology.
[2026-08-13 09:17:44] INFO [random_forest:73] Loading Random Forest model from d:\finalresearchproject\models\rf_model.joblib...
[2026-08-13 09:17:44] INFO [random_forest:80] Model loaded successfully.
[2026-08-13 09:17:44] INFO [tabnet:346] Loading TabNet model weights from d:\finalresearchproject\models\tabnet_model.pt...
[2026-08-13 09:17:44] INFO [tabnet:367] TabNet model weights loaded successfully.
[2026-08-13 09:17:44] INFO [shap_explainer:22] Initializing SHAP TreeExplainer for Random Forest...
[2026-08-13 09:17:45] INFO [shap_explainer:26] Random Forest TreeExplainer initialized successfully.
[2026-08-13 09:18:17] INFO [data_loader:17] Parsing HPO ontology from d:\finalresearchproject\data\raw\hp.obo...
[2026-08-13 09:18:17] INFO [data_loader:43] Loaded 20413 HPO term definitions from ontology.
[2026-08-13 09:18:18] INFO [shap_explainer:96] Extracting local attention from TabNet...
[2026-08-13 09:18:18] INFO [shap_explainer:71] Computing global SHAP values for Random Forest...
[2026-08-13 09:18:59] INFO [data_loader:17] Parsing HPO ontology from d:\finalresearchproject\data\raw\hp.obo...
[2026-08-13 09:19:00] INFO [data_loader:43] Loaded 20413 HPO term definitions from ontology.
[2026-08-13 09:19:03] INFO [data_loader:17] Parsing HPO ontology from d:\finalresearchproject\data\raw\hp.obo...
[2026-08-13 09:19:03] INFO [data_loader:43] Loaded 20413 HPO term definitions from ontology.
[2026-08-13 09:19:04] INFO [shap_explainer:96] Extracting local attention from TabNet...
[2026-08-13 09:19:04] INFO [shap_explainer:71] Computing global SHAP values for Random Forest...
[2026-08-13 09:50:28] INFO [random_forest:73] Loading Random Forest model from d:\finalresearchproject\models\rf_model.joblib...
[2026-08-13 09:50:28] INFO [random_forest:80] Model loaded successfully.
[2026-08-13 09:51:21] INFO [verify_scientific:22] Running train-val-test data leakage verification...
[2026-08-13 09:51:21] INFO [verify_scientific:33] Unique profile counts - Train: 420, Val: 90, Test: 90
[2026-08-13 09:51:21] INFO [verify_scientific:34] Symptom profile overlaps - Train-Val: 0, Train-Test: 0, Val-Test: 0
[2026-08-13 09:51:21] INFO [verify_scientific:56] Running 5-fold Stratified Cross-Validation on Random Forest...
[2026-08-13 09:51:23] INFO [verify_scientific:94] Optimizing and retraining TabNet...
[2026-08-13 09:52:01] INFO [verify_scientific:175] Early stopping triggered at epoch 49
[2026-08-13 09:52:01] INFO [random_forest:73] Loading Random Forest model from d:\finalresearchproject\models\rf_model.joblib...
[2026-08-13 09:52:01] INFO [random_forest:80] Model loaded successfully.
[2026-08-13 09:52:01] INFO [shap_explainer:22] Initializing SHAP TreeExplainer for Random Forest...
[2026-08-13 09:52:01] INFO [shap_explainer:26] Random Forest TreeExplainer initialized successfully.
[2026-08-13 09:52:01] INFO [shap_explainer:71] Computing global SHAP values for Random Forest...
[2026-08-13 09:52:05] INFO [verify_scientific:264] Scientific verification run complete. Saved metadata to d:\finalresearchproject\reports\scientific_validation_results.json
[2026-08-14 14:51:52] INFO [data_loader:17] Parsing HPO ontology from d:\finalresearchproject\data\raw\hp.obo...
[2026-08-14 14:51:52] INFO [data_loader:43] Loaded 20413 HPO term definitions from ontology.
[2026-08-14 14:51:53] INFO [data_loader:17] Parsing HPO ontology from d:\finalresearchproject\data\raw\hp.obo...
[2026-08-14 14:51:53] INFO [data_loader:43] Loaded 20413 HPO term definitions from ontology.
[2026-08-14 14:51:53] INFO [random_forest:73] Loading Random Forest model from d:\finalresearchproject\models\rf_model.joblib...
[2026-08-14 14:51:53] INFO [random_forest:80] Model loaded successfully.
[2026-08-14 14:51:53] INFO [tabnet:346] Loading TabNet model weights from d:\finalresearchproject\models\tabnet_model.pt...
[2026-08-14 14:51:53] INFO [tabnet:367] TabNet model weights loaded successfully.
[2026-08-23 11:39:51] INFO [data_loader:53] Loading patient records from d:\finalresearchproject\data\real_patient_hpo_dataset.csv...
[2026-08-23 11:39:51] INFO [data_loader:58] Loaded 67 records with columns: ['Patient_ID', 'Disease', 'Sex', 'Age', 'HPO_IDs', 'Source', 'HPO_Terms']
[2026-08-23 11:39:51] INFO [data_loader:69] Loading train/val/test manifests...
[2026-08-23 11:39:51] INFO [data_loader:78] Loaded manifests - Train: 40, Val: 13, Test: 14
[2026-08-23 11:39:51] INFO [preprocess:17] Cleaning patient records...
[2026-08-23 11:39:51] INFO [preprocess:114] Cleaned split sizes - Train: 40, Val: 13, Test: 14
[2026-08-23 11:39:51] INFO [preprocess:119] Saved cleaned cohort patient records to d:\finalresearchproject\data\processed\cleaned_patient_records.csv
[2026-08-23 11:39:51] INFO [preprocess:83] Fitting HPO feature vocabulary on train split...
[2026-08-23 11:39:51] INFO [preprocess:92] Generated HPO vocabulary of size 46
[2026-08-23 11:39:51] INFO [preprocess:132] Saved vocabulary dictionary to d:\finalresearchproject\data\processed\metadata\hpo_feature_vocabulary.json (Checksum: 22fd7a808dfdd82facca284410b44f8787366dcbce89c6c85f538c7c638c2155)
[2026-08-23 11:39:51] INFO [preprocess:272] Preprocessing pipeline completed successfully. Config metadata saved to d:\finalresearchproject\data\processed\metadata\preprocessing_configuration.json
[2026-08-23 11:40:02] INFO [train_rf:31] Starting Random Forest training pipeline for hpo_plus_sex...
[2026-08-23 11:40:02] INFO [train_rf:15] Loading data from d:\finalresearchproject\data\processed\model_ready\hpo_plus_sex
[2026-08-23 11:40:03] INFO [random_forest:27] Instantiating Random Forest model with params: {'n_estimators': 100, 'max_depth': 10, 'random_state': 42, 'class_weight': 'balanced'}
[2026-08-23 11:40:03] INFO [random_forest:31] Fitting base Random Forest model...
[2026-08-23 11:40:03] INFO [random_forest:35] Fitting calibrated Random Forest classifier (using 5-fold cross-validation calibration)...
[2026-08-23 11:40:03] INFO [random_forest:43] Random Forest fitting and calibration completed.
[2026-08-23 11:40:03] INFO [train_rf:43] Evaluating Random Forest on Test set...
[2026-08-23 11:40:04] INFO [train_rf:55] Random Forest Test Accuracy: 1.0000
[2026-08-23 11:40:04] INFO [train_rf:56] Random Forest Test F1 Macro: 1.0000
[2026-08-23 11:40:04] INFO [random_forest:59] Saving Random Forest model to d:\finalresearchproject\models\rf_model.joblib...
[2026-08-23 11:40:04] INFO [random_forest:67] Model saved successfully.
[2026-08-23 11:40:04] INFO [train_rf:68] Saved Random Forest metrics to d:\finalresearchproject\reports\rf_metrics.json
[2026-08-23 11:40:24] INFO [train_rf:31] Starting Random Forest training pipeline for hpo_plus_sex...
[2026-08-23 11:40:24] INFO [train_rf:15] Loading data from d:\finalresearchproject\data\processed\model_ready\hpo_plus_sex
[2026-08-23 11:40:24] INFO [random_forest:27] Instantiating Random Forest model with params: {'n_estimators': 100, 'max_depth': 10, 'random_state': 42, 'class_weight': 'balanced'}
[2026-08-23 11:40:24] INFO [random_forest:31] Fitting base Random Forest model...
[2026-08-23 11:40:24] INFO [random_forest:35] Fitting calibrated Random Forest classifier (using 5-fold cross-validation calibration)...
[2026-08-23 11:40:25] INFO [random_forest:43] Random Forest fitting and calibration completed.
[2026-08-23 11:40:25] INFO [train_rf:43] Evaluating Random Forest on Test set...
[2026-08-23 11:40:25] INFO [train_rf:55] Random Forest Test Accuracy: 1.0000
[2026-08-23 11:40:25] INFO [train_rf:56] Random Forest Test F1 Macro: 1.0000
[2026-08-23 11:40:25] INFO [random_forest:59] Saving Random Forest model to d:\finalresearchproject\models\rf_model.joblib...
[2026-08-23 11:40:25] INFO [random_forest:67] Model saved successfully.
[2026-08-23 11:40:25] INFO [train_rf:68] Saved Random Forest metrics to d:\finalresearchproject\reports\rf_metrics.json
[2026-08-23 11:40:43] INFO [train_tabnet:30] Starting TabNet training pipeline for hpo_plus_sex...
[2026-08-23 11:40:43] INFO [train_tabnet:15] Loading data from d:\finalresearchproject\data\processed\model_ready\hpo_plus_sex
[2026-08-23 11:40:43] INFO [tabnet:212] Instantiating TabNet core model on device: cpu
[2026-08-23 11:40:45] INFO [tabnet:244] Starting TabNet training epochs...
[2026-08-23 11:40:46] INFO [tabnet:280] Epoch 25/150 | Loss: 0.0114 | Val Loss: 0.9862 - Val Acc: 0.6154
[2026-08-23 11:40:47] INFO [tabnet:280] Epoch 50/150 | Loss: 0.0056 | Val Loss: 0.9818 - Val Acc: 0.6154
[2026-08-23 11:40:48] INFO [tabnet:280] Epoch 75/150 | Loss: 0.0044 | Val Loss: 1.1275 - Val Acc: 0.6154
[2026-08-23 11:40:49] INFO [tabnet:280] Epoch 100/150 | Loss: 0.0134 | Val Loss: 1.3543 - Val Acc: 0.3846
[2026-08-23 11:40:49] INFO [tabnet:280] Epoch 125/150 | Loss: 0.0065 | Val Loss: 1.0820 - Val Acc: 0.4615
[2026-08-23 11:40:50] INFO [tabnet:280] Epoch 150/150 | Loss: 0.0024 | Val Loss: 0.8889 - Val Acc: 0.6154
[2026-08-23 11:40:50] INFO [tabnet:282] TabNet training completed.
[2026-08-23 11:40:50] INFO [train_tabnet:42] Evaluating TabNet on Test set...
[2026-08-23 11:40:50] INFO [train_tabnet:54] TabNet Test Accuracy: 0.5714
[2026-08-23 11:40:50] INFO [train_tabnet:55] TabNet Test F1 Macro: 0.4868
[2026-08-23 11:40:50] INFO [tabnet:332] Saving TabNet model weights to d:\finalresearchproject\models\tabnet_model.pt...
[2026-08-23 11:40:50] INFO [tabnet:340] Model weights saved successfully.
[2026-08-23 11:40:50] INFO [train_tabnet:67] Saved TabNet metrics to d:\finalresearchproject\reports\tabnet_metrics.json
[2026-08-23 11:41:02] INFO [evaluate:18] Starting model evaluation and comparative analysis...
[2026-08-23 11:41:02] INFO [random_forest:73] Loading Random Forest model from d:\finalresearchproject\models\rf_model.joblib...
[2026-08-23 11:41:02] INFO [random_forest:80] Model loaded successfully.
[2026-08-23 11:41:02] INFO [tabnet:346] Loading TabNet model weights from d:\finalresearchproject\models\tabnet_model.pt...
[2026-08-23 11:41:02] INFO [tabnet:367] TabNet model weights loaded successfully.
[2026-08-23 11:41:02] INFO [evaluate:83] Successfully generated comparison report at d:\finalresearchproject\reports\model_comparison.json
[2026-08-23 11:41:02] INFO [evaluate:84] Winner model: Random Forest
[2026-08-23 11:41:28] INFO [verify_scientific:22] Running train-val-test data leakage verification...
[2026-08-23 11:41:28] INFO [verify_scientific:33] Unique profile counts - Train: 40, Val: 13, Test: 14
[2026-08-23 11:41:28] INFO [verify_scientific:34] Symptom profile overlaps - Train-Val: 2, Train-Test: 0, Val-Test: 0
[2026-08-23 11:41:28] INFO [verify_scientific:56] Running 5-fold Stratified Cross-Validation on Random Forest...
[2026-08-23 11:41:30] INFO [verify_scientific:94] Optimizing and retraining TabNet...
[2026-08-23 11:41:38] INFO [verify_scientific:175] Early stopping triggered at epoch 82
[2026-08-23 11:41:38] INFO [random_forest:73] Loading Random Forest model from d:\finalresearchproject\models\rf_model.joblib...
[2026-08-23 11:41:38] INFO [random_forest:80] Model loaded successfully.
[2026-08-23 11:41:38] INFO [shap_explainer:22] Initializing SHAP TreeExplainer for Random Forest...
[2026-08-23 11:41:38] INFO [shap_explainer:26] Random Forest TreeExplainer initialized successfully.
[2026-08-23 11:41:38] INFO [shap_explainer:71] Computing global SHAP values for Random Forest...
[2026-08-23 11:41:38] INFO [verify_scientific:264] Scientific verification run complete. Saved metadata to d:\finalresearchproject\reports\scientific_validation_results.json
[2026-08-23 11:44:13] INFO [verify_scientific:22] Running train-val-test data leakage verification...
[2026-08-23 11:44:13] INFO [verify_scientific:33] Unique profile counts - Train: 40, Val: 13, Test: 14
[2026-08-23 11:44:13] INFO [verify_scientific:34] Symptom profile overlaps - Train-Val: 2, Train-Test: 0, Val-Test: 0
[2026-08-23 11:44:13] INFO [verify_scientific:56] Running 5-fold Stratified Cross-Validation on Random Forest...
[2026-08-23 11:44:15] INFO [verify_scientific:94] Optimizing and retraining TabNet...
[2026-08-23 11:44:29] INFO [verify_scientific:175] Early stopping triggered at epoch 166
[2026-08-23 11:44:29] INFO [random_forest:73] Loading Random Forest model from d:\finalresearchproject\models\rf_model.joblib...
[2026-08-23 11:44:29] INFO [random_forest:80] Model loaded successfully.
[2026-08-23 11:44:29] INFO [shap_explainer:22] Initializing SHAP TreeExplainer for Random Forest...
[2026-08-23 11:44:29] INFO [shap_explainer:26] Random Forest TreeExplainer initialized successfully.
[2026-08-23 11:44:29] INFO [shap_explainer:71] Computing global SHAP values for Random Forest...
[2026-08-23 11:44:29] INFO [verify_scientific:264] Scientific verification run complete. Saved metadata to d:\finalresearchproject\reports\scientific_validation_results.json
[2026-08-23 11:49:10] INFO [random_forest:73] Loading Random Forest model from d:\finalresearchproject\models\rf_model.joblib...
[2026-08-23 11:49:10] INFO [random_forest:80] Model loaded successfully.
[2026-08-23 11:49:57] INFO [random_forest:73] Loading Random Forest model from d:\finalresearchproject\models\rf_model.joblib...
[2026-08-23 11:49:57] INFO [random_forest:80] Model loaded successfully.
[2026-08-23 11:50:49] INFO [verify_scientific:24] Running train-val-test data leakage verification...
[2026-08-23 11:50:49] INFO [verify_scientific:35] Unique profile counts - Train: 40, Val: 13, Test: 14
[2026-08-23 11:50:49] INFO [verify_scientific:36] Symptom profile overlaps - Train-Val: 2, Train-Test: 0, Val-Test: 0
[2026-08-23 11:50:49] INFO [data_loader:53] Loading patient records from d:\finalresearchproject\data\real_patient_hpo_dataset.csv...
[2026-08-23 11:50:49] INFO [data_loader:58] Loaded 67 records with columns: ['Patient_ID', 'Disease', 'Sex', 'Age', 'HPO_IDs', 'Source', 'HPO_Terms']
[2026-08-23 11:50:49] INFO [preprocess:17] Cleaning patient records...
[2026-08-23 11:50:49] INFO [data_loader:69] Loading train/val/test manifests...
[2026-08-23 11:50:49] INFO [data_loader:78] Loaded manifests - Train: 40, Val: 13, Test: 14
[2026-08-23 11:50:49] INFO [verify_scientific:59] Running 5-fold Stratified Cross-Validation on Random Forest with inside-fold preprocessing...
[2026-08-23 11:50:50] INFO [verify_scientific:142] Optimizing and retraining TabNet...
[2026-08-23 11:50:57] INFO [verify_scientific:223] Early stopping triggered at epoch 75
[2026-08-23 11:50:57] INFO [random_forest:73] Loading Random Forest model from d:\finalresearchproject\models\rf_model.joblib...
[2026-08-23 11:50:57] INFO [random_forest:80] Model loaded successfully.
[2026-08-23 11:50:57] INFO [shap_explainer:22] Initializing SHAP TreeExplainer for Random Forest...
[2026-08-23 11:50:57] INFO [shap_explainer:26] Random Forest TreeExplainer initialized successfully.
[2026-08-23 11:50:57] INFO [shap_explainer:71] Computing global SHAP values for Random Forest...
[2026-08-23 11:50:57] INFO [verify_scientific:315] Scientific verification run complete. Saved metadata to d:\finalresearchproject\reports\scientific_validation_results.json
[2026-08-23 17:24:55] INFO [data_loader:17] Parsing HPO ontology from d:\finalresearchproject\data\raw\hp.obo...
[2026-08-23 17:24:56] INFO [data_loader:43] Loaded 20413 HPO term definitions from ontology.
[2026-08-23 17:24:56] INFO [random_forest:73] Loading Random Forest model from d:\finalresearchproject\models\rf_model.joblib...
[2026-08-23 17:24:56] INFO [random_forest:80] Model loaded successfully.
[2026-08-23 17:24:56] INFO [tabnet:346] Loading TabNet model weights from d:\finalresearchproject\models\tabnet_model.pt...
[2026-08-23 17:24:56] INFO [tabnet:367] TabNet model weights loaded successfully.
[2026-08-23 19:07:29] INFO [random_forest:73] Loading Random Forest model from d:\finalresearchproject\models\rf_model.joblib...
[2026-08-23 19:07:29] INFO [random_forest:80] Model loaded successfully.
[2026-08-23 19:07:29] INFO [tabnet:346] Loading TabNet model weights from d:\finalresearchproject\models\tabnet_model.pt...
[2026-08-23 19:07:29] INFO [tabnet:367] TabNet model weights loaded successfully.
[2026-08-23 19:07:29] INFO [shap_explainer:22] Initializing SHAP TreeExplainer for Random Forest...
[2026-08-23 19:07:30] INFO [shap_explainer:26] Random Forest TreeExplainer initialized successfully.
[2026-08-23 19:07:30] INFO [data_loader:17] Parsing HPO ontology from d:\finalresearchproject\data\raw\hp.obo...
[2026-08-23 19:07:32] INFO [data_loader:43] Loaded 20413 HPO term definitions from ontology.
[2026-08-23 19:07:35] INFO [data_loader:17] Parsing HPO ontology from d:\finalresearchproject\data\raw\hp.obo...
[2026-08-23 19:07:35] INFO [data_loader:43] Loaded 20413 HPO term definitions from ontology.
[2026-08-23 19:07:43] INFO [data_loader:17] Parsing HPO ontology from d:\finalresearchproject\data\raw\hp.obo...
[2026-08-23 19:07:43] INFO [data_loader:43] Loaded 20413 HPO term definitions from ontology.
[2026-08-23 19:07:44] INFO [shap_explainer:96] Extracting local attention from TabNet...
[2026-08-23 19:07:44] INFO [shap_explainer:71] Computing global SHAP values for Random Forest...
[2026-08-23 19:08:03] INFO [data_loader:17] Parsing HPO ontology from d:\finalresearchproject\data\raw\hp.obo...
[2026-08-23 19:08:04] INFO [data_loader:43] Loaded 20413 HPO term definitions from ontology.
[2026-08-23 19:08:04] INFO [shap_explainer:96] Extracting local attention from TabNet...
[2026-08-23 19:08:04] INFO [shap_explainer:71] Computing global SHAP values for Random Forest...
[2026-08-23 19:08:27] INFO [data_loader:17] Parsing HPO ontology from d:\finalresearchproject\data\raw\hp.obo...
[2026-08-23 19:08:27] INFO [data_loader:43] Loaded 20413 HPO term definitions from ontology.
[2026-08-23 19:08:28] INFO [shap_explainer:96] Extracting local attention from TabNet...
[2026-08-23 19:08:28] INFO [shap_explainer:71] Computing global SHAP values for Random Forest...
[2026-08-23 19:08:29] INFO [data_loader:17] Parsing HPO ontology from d:\finalresearchproject\data\raw\hp.obo...
[2026-08-23 19:08:31] INFO [data_loader:43] Loaded 20413 HPO term definitions from ontology.
[2026-08-23 19:08:32] INFO [shap_explainer:96] Extracting local attention from TabNet...
[2026-08-23 19:08:32] INFO [shap_explainer:71] Computing global SHAP values for Random Forest...
[2026-08-23 19:09:46] INFO [data_loader:17] Parsing HPO ontology from d:\finalresearchproject\data\raw\hp.obo...
[2026-08-23 19:09:47] INFO [data_loader:43] Loaded 20413 HPO term definitions from ontology.
[2026-08-23 19:09:47] INFO [shap_explainer:96] Extracting local attention from TabNet...
[2026-08-23 19:09:47] INFO [shap_explainer:71] Computing global SHAP values for Random Forest...
[2026-08-23 19:11:01] INFO [data_loader:17] Parsing HPO ontology from d:\finalresearchproject\data\raw\hp.obo...
[2026-08-23 19:11:02] INFO [data_loader:43] Loaded 20413 HPO term definitions from ontology.
[2026-08-23 19:11:02] INFO [shap_explainer:96] Extracting local attention from TabNet...
[2026-08-23 19:11:03] INFO [shap_explainer:71] Computing global SHAP values for Random Forest...
[2026-08-23 19:11:12] INFO [data_loader:17] Parsing HPO ontology from d:\finalresearchproject\data\raw\hp.obo...
[2026-08-23 19:11:12] INFO [data_loader:43] Loaded 20413 HPO term definitions from ontology.
[2026-08-23 19:11:13] INFO [shap_explainer:96] Extracting local attention from TabNet...
[2026-08-23 19:11:13] INFO [shap_explainer:71] Computing global SHAP values for Random Forest...
[2026-08-23 19:11:25] INFO [data_loader:17] Parsing HPO ontology from d:\finalresearchproject\data\raw\hp.obo...
[2026-08-23 19:11:25] INFO [data_loader:43] Loaded 20413 HPO term definitions from ontology.
[2026-08-23 19:11:26] INFO [shap_explainer:96] Extracting local attention from TabNet...
[2026-08-23 19:11:26] INFO [shap_explainer:71] Computing global SHAP values for Random Forest...
[2026-08-23 19:11:34] INFO [data_loader:17] Parsing HPO ontology from d:\finalresearchproject\data\raw\hp.obo...
[2026-08-23 19:11:35] INFO [data_loader:43] Loaded 20413 HPO term definitions from ontology.
[2026-08-23 19:11:35] INFO [shap_explainer:96] Extracting local attention from TabNet...
[2026-08-23 19:11:36] INFO [shap_explainer:71] Computing global SHAP values for Random Forest...
[2026-08-23 19:11:39] INFO [data_loader:17] Parsing HPO ontology from d:\finalresearchproject\data\raw\hp.obo...
[2026-08-23 19:11:39] INFO [data_loader:43] Loaded 20413 HPO term definitions from ontology.
[2026-08-23 19:11:40] INFO [shap_explainer:96] Extracting local attention from TabNet...
[2026-08-23 19:11:40] INFO [shap_explainer:71] Computing global SHAP values for Random Forest...
[2026-08-23 19:11:42] INFO [data_loader:17] Parsing HPO ontology from d:\finalresearchproject\data\raw\hp.obo...
[2026-08-23 19:11:43] INFO [data_loader:43] Loaded 20413 HPO term definitions from ontology.
[2026-08-23 19:11:43] INFO [shap_explainer:96] Extracting local attention from TabNet...
[2026-08-23 19:11:44] INFO [shap_explainer:71] Computing global SHAP values for Random Forest...
[2026-08-23 19:12:00] INFO [data_loader:17] Parsing HPO ontology from d:\finalresearchproject\data\raw\hp.obo...
[2026-08-23 19:12:00] INFO [data_loader:43] Loaded 20413 HPO term definitions from ontology.
[2026-08-23 19:12:01] INFO [shap_explainer:96] Extracting local attention from TabNet...
[2026-08-23 19:12:01] INFO [shap_explainer:71] Computing global SHAP values for Random Forest...
[2026-08-23 19:13:09] INFO [data_loader:17] Parsing HPO ontology from d:\finalresearchproject\data\raw\hp.obo...
[2026-08-23 19:13:09] INFO [data_loader:43] Loaded 20413 HPO term definitions from ontology.
[2026-08-23 19:13:10] INFO [shap_explainer:96] Extracting local attention from TabNet...
[2026-08-23 19:13:10] INFO [shap_explainer:71] Computing global SHAP values for Random Forest...
[2026-08-23 19:13:40] INFO [data_loader:17] Parsing HPO ontology from d:\finalresearchproject\data\raw\hp.obo...
[2026-08-23 19:13:40] INFO [data_loader:43] Loaded 20413 HPO term definitions from ontology.
[2026-08-23 19:13:40] INFO [shap_explainer:96] Extracting local attention from TabNet...
[2026-08-23 19:13:40] INFO [shap_explainer:71] Computing global SHAP values for Random Forest...
[2026-08-23 19:14:00] INFO [data_loader:17] Parsing HPO ontology from d:\finalresearchproject\data\raw\hp.obo...
[2026-08-23 19:14:01] INFO [data_loader:43] Loaded 20413 HPO term definitions from ontology.
[2026-08-23 19:14:01] INFO [shap_explainer:96] Extracting local attention from TabNet...
[2026-08-23 19:14:01] INFO [shap_explainer:71] Computing global SHAP values for Random Forest...
[2026-08-23 19:14:09] INFO [data_loader:17] Parsing HPO ontology from d:\finalresearchproject\data\raw\hp.obo...
[2026-08-23 19:14:10] INFO [data_loader:43] Loaded 20413 HPO term definitions from ontology.
[2026-08-23 19:14:10] INFO [shap_explainer:96] Extracting local attention from TabNet...
[2026-08-23 19:14:10] INFO [shap_explainer:71] Computing global SHAP values for Random Forest...
[2026-08-23 19:14:51] INFO [data_loader:17] Parsing HPO ontology from d:\finalresearchproject\data\raw\hp.obo...
[2026-08-23 19:14:52] INFO [data_loader:43] Loaded 20413 HPO term definitions from ontology.
[2026-08-23 19:14:52] INFO [shap_explainer:96] Extracting local attention from TabNet...
[2026-08-23 19:14:52] INFO [shap_explainer:71] Computing global SHAP values for Random Forest...
[2026-08-23 19:15:03] INFO [data_loader:17] Parsing HPO ontology from d:\finalresearchproject\data\raw\hp.obo...
[2026-08-23 19:15:03] INFO [data_loader:43] Loaded 20413 HPO term definitions from ontology.
[2026-08-23 19:15:04] INFO [shap_explainer:96] Extracting local attention from TabNet...
[2026-08-23 19:15:04] INFO [shap_explainer:71] Computing global SHAP values for Random Forest...
[2026-08-23 19:15:24] INFO [data_loader:17] Parsing HPO ontology from d:\finalresearchproject\data\raw\hp.obo...
[2026-08-23 19:15:25] INFO [data_loader:43] Loaded 20413 HPO term definitions from ontology.
[2026-08-23 19:15:25] INFO [shap_explainer:96] Extracting local attention from TabNet...
[2026-08-23 19:15:26] INFO [shap_explainer:71] Computing global SHAP values for Random Forest...
[2026-08-23 19:15:33] INFO [data_loader:17] Parsing HPO ontology from d:\finalresearchproject\data\raw\hp.obo...
[2026-08-23 19:15:33] INFO [data_loader:43] Loaded 20413 HPO term definitions from ontology.
[2026-08-23 19:15:33] INFO [shap_explainer:96] Extracting local attention from TabNet...
[2026-08-23 19:15:34] INFO [shap_explainer:71] Computing global SHAP values for Random Forest...
[2026-08-23 19:15:52] INFO [data_loader:17] Parsing HPO ontology from d:\finalresearchproject\data\raw\hp.obo...
[2026-08-23 19:15:52] INFO [data_loader:43] Loaded 20413 HPO term definitions from ontology.
[2026-08-23 19:15:52] INFO [shap_explainer:96] Extracting local attention from TabNet...
[2026-08-23 19:15:53] INFO [shap_explainer:71] Computing global SHAP values for Random Forest...
[2026-08-23 19:16:05] INFO [data_loader:17] Parsing HPO ontology from d:\finalresearchproject\data\raw\hp.obo...
[2026-08-23 19:16:05] INFO [data_loader:43] Loaded 20413 HPO term definitions from ontology.
[2026-08-23 19:16:05] INFO [shap_explainer:96] Extracting local attention from TabNet...
[2026-08-23 19:16:06] INFO [shap_explainer:71] Computing global SHAP values for Random Forest...
[2026-08-23 19:16:44] INFO [data_loader:17] Parsing HPO ontology from d:\finalresearchproject\data\raw\hp.obo...
[2026-08-23 19:16:44] INFO [data_loader:43] Loaded 20413 HPO term definitions from ontology.
[2026-08-23 19:16:44] INFO [shap_explainer:96] Extracting local attention from TabNet...
[2026-08-23 19:16:45] INFO [shap_explainer:71] Computing global SHAP values for Random Forest...
[2026-08-23 19:17:46] INFO [data_loader:17] Parsing HPO ontology from d:\finalresearchproject\data\raw\hp.obo...
[2026-08-23 19:17:46] INFO [data_loader:43] Loaded 20413 HPO term definitions from ontology.
[2026-08-23 19:17:46] INFO [shap_explainer:96] Extracting local attention from TabNet...
[2026-08-23 19:17:55] INFO [data_loader:17] Parsing HPO ontology from d:\finalresearchproject\data\raw\hp.obo...
[2026-08-23 19:17:56] INFO [data_loader:43] Loaded 20413 HPO term definitions from ontology.
[2026-08-23 19:17:56] INFO [shap_explainer:96] Extracting local attention from TabNet...
[2026-08-23 19:17:56] INFO [shap_explainer:71] Computing global SHAP values for Random Forest...
[2026-08-23 19:22:08] INFO [data_loader:17] Parsing HPO ontology from d:\finalresearchproject\data\raw\hp.obo...
[2026-08-23 19:22:09] INFO [data_loader:43] Loaded 20413 HPO term definitions from ontology.
[2026-08-23 19:22:09] INFO [shap_explainer:96] Extracting local attention from TabNet...
[2026-08-23 19:22:09] INFO [shap_explainer:71] Computing global SHAP values for Random Forest...
[2026-08-23 19:22:41] INFO [data_loader:17] Parsing HPO ontology from d:\finalresearchproject\data\raw\hp.obo...
[2026-08-23 19:22:41] INFO [data_loader:43] Loaded 20413 HPO term definitions from ontology.
[2026-08-23 19:22:41] INFO [shap_explainer:96] Extracting local attention from TabNet...
[2026-08-23 19:23:15] INFO [data_loader:17] Parsing HPO ontology from d:\finalresearchproject\data\raw\hp.obo...
[2026-08-23 19:23:15] INFO [data_loader:43] Loaded 20413 HPO term definitions from ontology.
[2026-08-23 19:23:15] INFO [shap_explainer:96] Extracting local attention from TabNet...
[2026-08-23 19:23:16] INFO [shap_explainer:71] Computing global SHAP values for Random Forest...
[2026-08-23 19:23:34] INFO [data_loader:17] Parsing HPO ontology from d:\finalresearchproject\data\raw\hp.obo...
[2026-08-23 19:23:36] INFO [data_loader:43] Loaded 20413 HPO term definitions from ontology.
[2026-08-23 19:23:59] INFO [data_loader:17] Parsing HPO ontology from d:\finalresearchproject\data\raw\hp.obo...
[2026-08-23 19:23:59] INFO [data_loader:43] Loaded 20413 HPO term definitions from ontology.
[2026-08-23 19:23:59] INFO [shap_explainer:96] Extracting local attention from TabNet...
[2026-08-23 19:24:00] INFO [shap_explainer:71] Computing global SHAP values for Random Forest...
